Id;Lat;Lon;Country;State;LGA;Ward;Population;NESP_ID;Branch_id;Customers;Renewable energy share;Generator capacity (kw);PV size(kW);Battery capacity (kWh);Demand;Electr_type_phase_1;Electr_type_phase_2;Electr_type_phase_3;Distance_m
38180;9.68911866387287;8.3857619010058;Nigeria;Plateau;Shendam;SARKIN KUDU II;2151.155396;3513;292;406;72.3;94;110;256;159;none;none;grid;42840
38182;9.68731406446935;8.41680221986802;Nigeria;Plateau;Shendam;MOEKAT;1858.32796;3515;292;351;49.1;87;54;104;122;none;none;grid;39420
38183;9.7329946172641;8.42125737269622;Nigeria;Plateau;Langtang South;MAGAMA;3733.549812;3516;292;704;67.7;181;192;360;250;none;mini-grid;intercon;39490
38185;9.69171527332906;8.44788271120059;Nigeria;Plateau;Shendam;MOEKAT;11856.69551;3518;292;2237;69.8;530;618;1328;823;mini-grid;mini-grid;intercon;35730
38187;9.67339695410842;8.47181079306085;Nigeria;Plateau;Shendam;KURUNGBAU (B);4245.997825;3520;292;801;49.9;318;248;552;422;mini-grid;mini-grid;intercon;32250
38189;9.72900690664214;8.48752333428769;Nigeria;Plateau;Langtang South;MAGAMA;10623.4415;3522;292;2004;69.8;503;560;1208;697;mini-grid;mini-grid;intercon;30050
38191;9.20612197581717;8.49003794957139;Nigeria;Plateau;'Qua''an Pan';KWANDE;1086.840292;3524;0;205;68.2;51;54;112;70;none;none;mini-grid;62650
38194;9.61239538965229;8.50015864343169;Nigeria;Plateau;Shendam;MOEKAT;1537.68619;3527;292;290;70.4;68;80;168;110;none;none;grid;32420
38195;9.46450122686659;8.5089070240568;Nigeria;Plateau;Shendam;WUSE;2196.205771;3528;292;414;74.5;101;118;272;141;none;none;grid;54120
38198;9.65996381056059;8.5243259195117;Nigeria;Plateau;Shendam;KURUNGBAU (B);1027.711675;3531;292;194;68;81;98;216;98;none;none;grid;26290
38199;9.36994103563858;8.52674270591361;Nigeria;Plateau;Shendam;KWANDE;1903.378335;3532;253;359;72;90;102;216;133;none;none;grid;51020
38200;9.95175751212666;8.52638762018164;Nigeria;Plateau;Langtang South;TIMBOL;2055.42335;3533;189;388;68.6;95;100;216;137;none;none;grid;35290
38201;9.81884319970166;8.53218118867104;Nigeria;Plateau;Langtang South;TIMBOL;4240.366528;3534;188;800;75.4;214;232;560;307;mini-grid;mini-grid;intercon;25530
38203;9.00380496899717;8.53667858254013;Nigeria;Plateau;'Qua''an Pan';NAMU;1126.25937;3536;253;213;69.9;87;176;328;110;mini-grid;mini-grid;intercon;56560
38204;9.61484210979388;8.53680457595978;Nigeria;Plateau;Shendam;MOEKAT;1534.528391;3537;292;290;72.9;74;82;192;108;none;none;grid;30910
38205;9.70555444023887;8.53981556853421;Nigeria;Plateau;Langtang South;MAGAMA;2852.251854;3538;292;538;68;126;136;312;190;none;mini-grid;intercon;22410
38206;9.68409342069827;8.54524292980301;Nigeria;Plateau;Langtang South;MAGAMA;4251.629122;3539;292;802;72.4;193;220;512;275;none;mini-grid;intercon;22740
38208;9.13642800971549;8.55083902646102;Nigeria;Plateau;'Qua''an Pan';NAMU;3426.644133;3541;253;647;74.2;162;204;528;230;mini-grid;mini-grid;intercon;52880
38209;9.77317409653712;8.55274633143538;Nigeria;Plateau;Langtang South;TIMBOL;1106.549831;3542;188;209;72.3;51;60;136;72;none;none;grid;24150
38210;9.64628036147073;8.56397065614855;Nigeria;Plateau;Shendam;KURUNGBAU (B);1489.478017;3543;292;281;64.1;90;96;192;120;none;none;grid;28240
38212;9.56042188282031;8.57668782628543;Nigeria;Plateau;Shendam;SHIMANKAR;4251.629122;3545;288;802;66.7;240;288;688;327;mini-grid;mini-grid;intercon;36110
38213;9.70525597738872;8.57160796151684;Nigeria;Plateau;Langtang South;TURAKI;1435.980696;3546;292;271;68.2;71;68;152;104;none;none;grid;18770
38215;9.85075563666921;8.57961294319776;Nigeria;Plateau;Langtang South;GAMAKAI;2767.782402;3548;188;522;71.8;135;142;344;186;mini-grid;mini-grid;intercon;21490
38216;9.26743453583668;8.5831371812971;Nigeria;Plateau;'Qua''an Pan';KWANDE;1514.818852;3549;253;286;70.4;73;82;168;99;none;none;grid;41880
38217;9.6290210981744;8.58456324618595;Nigeria;Plateau;Shendam;KURUNGBAU (B);3018.375111;3550;292;570;69.4;138;154;328;208;none;mini-grid;intercon;31410
38218;9.40693794436813;8.59481291751294;Nigeria;Plateau;Shendam;KWANDE;2173.680584;3551;253;410;67.4;133;182;368;179;mini-grid;mini-grid;intercon;42250
38220;9.54119899379101;8.59910618037275;Nigeria;Plateau;Shendam;SHIMANKAR;2860.6988;3553;288;540;69.2;130;148;296;196;none;mini-grid;intercon;32810
38221;9.70633800789377;8.60667964806652;Nigeria;Plateau;Langtang South;TURAKI;3291.493009;3554;292;621;66.6;160;154;328;217;none;mini-grid;intercon;14770
38222;9.98247575364375;8.62623050545377;Nigeria;Plateau;Langtang South;FAJUL;8691.906689;3555;189;1640;70.9;414;524;1096;648;mini-grid;mini-grid;intercon;28060
38223;9.52436512176069;8.62334906836055;Nigeria;Plateau;Shendam;SHIMANKAR;9243.77378;3556;288;1744;68.6;534;654;1408;730;mini-grid;mini-grid;intercon;29680
38224;9.29246437359161;8.61624054673182;Nigeria;Plateau;'Qua''an Pan';KWANDE;10933.16283;3557;253;2063;67.6;775;1018;2352;1054;mini-grid;mini-grid;intercon;37060
38225;9.72849701346841;8.61994876342878;Nigeria;Plateau;Langtang South;TURAKI;2393.301161;3558;292;452;65.8;112;142;280;164;none;mini-grid;intercon;14930
38228;9.7165549337115;8.63534020338586;Nigeria;Plateau;Langtang South;TURAKI;3043.715947;3561;292;574;72.8;148;196;424;213;mini-grid;mini-grid;intercon;12450
38229;9.80202176547109;8.64668205102433;Nigeria;Plateau;Langtang South;GAMAKAI;2869.145745;3562;188;541;78.8;134;168;408;191;none;mini-grid;intercon;12700
38230;8.98150269127659;8.64563659158249;Nigeria;Plateau;'Qua''an Pan';NAMU;1638.707383;3563;253;309;68.1;88;88;184;115;none;mini-grid;intercon;51930
38231;9.75885439306422;8.66190009296479;Nigeria;Plateau;Langtang South;MABUDI;2027.266866;3564;292;383;69.8;91;112;216;138;none;none;grid;9560
38232;9.51607398203326;8.6711121311895;Nigeria;Plateau;Shendam;SHIMANKAR;5758.001029;3565;288;1086;70.1;272;298;624;372;mini-grid;mini-grid;intercon;24360
38233;9.84386686721526;8.66681050226037;Nigeria;Plateau;Langtang South;GAMAKAI;6090.247544;3566;188;1149;73.3;279;306;784;396;mini-grid;mini-grid;intercon;8760
38235;9.67687980838547;8.6648271352174;Nigeria;Plateau;Langtang South;SABON GIDA;2106.105022;3568;292;397;71;104;110;240;143;none;none;grid;12150
38236;9.93980877473473;8.6664219891099;Nigeria;Plateau;Wase;DADIN KOWA;3378.77811;3569;189;638;76.6;154;174;496;222;none;mini-grid;intercon;24380
38237;9.65777560056259;8.67703572641642;Nigeria;Plateau;Langtang South;KURUNGBAU (B);3671.605546;3570;292;693;66.8;215;238;528;295;mini-grid;mini-grid;intercon;15000
38238;9.09330459446696;8.68763501549464;Nigeria;Plateau;'Qua''an Pan';NAMU;10792.38041;3571;253;2036;67.3;632;772;1608;843;mini-grid;mini-grid;intercon;36230
38239;9.47242126077809;8.6839519079998;Nigeria;Plateau;Shendam;KALONG;5231.474774;3572;288;987;70.2;247;298;624;347;mini-grid;mini-grid;intercon;25980
38240;9.91648456783888;8.68457417758001;Nigeria;Plateau;Langtang South;DADIN KOWA;2331.356896;3573;189;440;68.8;105;120;240;151;none;none;grid;21040
38241;9.4446948391919;8.69109247868721;Nigeria;Plateau;Shendam;KALONG;3657.527304;3574;288;690;65.5;222;260;544;294;mini-grid;mini-grid;intercon;29530
38242;9.38027759482654;8.68998329909038;Nigeria;Plateau;Shendam;KWANDE;1137.521963;3575;253;215;66.8;78;114;208;103;none;mini-grid;intercon;29170
38243;9.75972534853659;8.69519558908453;Nigeria;Plateau;Langtang South;MABUDI;2886.039635;3576;292;545;51.2;135;110;248;204;none;mini-grid;intercon;6260
38245;9.93736022432645;8.7083215365292;Nigeria;Plateau;Wase;DADIN KOWA;2359.51338;3578;189;445;64.8;105;108;224;159;none;none;grid;19870
38246;9.51227633202161;8.71395851798858;Nigeria;Plateau;Shendam;SHIMANKAR;3930.645201;3579;288;742;59.2;295;300;656;370;mini-grid;mini-grid;intercon;19130
38247;9.2976503449505;8.71385257171127;Nigeria;Plateau;'Qua''an Pan';KWANDE;4820.390104;3580;253;910;65.3;281;358;672;380;mini-grid;mini-grid;intercon;26000
38248;9.2296721851389;8.71733857887012;Nigeria;Plateau;'Qua''an Pan';KWANDE;3930.645201;3581;253;742;71.7;190;260;608;295;mini-grid;mini-grid;intercon;28930
38249;9.49182450674677;8.71855588456929;Nigeria;Plateau;Shendam;KALONG;1810.461937;3582;288;342;60.5;107;104;216;140;none;none;grid;20440
38250;9.90108587482338;8.72530098585998;Nigeria;Plateau;Langtang South;DADIN KOWA;4468.434051;3583;189;843;74.3;197;238;560;311;none;mini-grid;intercon;15320
38252;9.88176205588324;8.75503267825827;Nigeria;Plateau;Langtang South;DADIN KOWA;12749.25606;3585;189;2406;76.2;595;654;1896;918;mini-grid;mini-grid;intercon;11490
38253;9.33215514649993;8.74574042956921;Nigeria;Plateau;'Qua''an Pan';KWANDE;1661.23257;3586;253;313;65;84;100;224;128;mini-grid;mini-grid;intercon;23990
38254;9.98927052235749;8.75233314174801;Nigeria;Plateau;Wase;KUMBUR;2604.474793;3587;189;491;75.9;122;138;360;182;none;mini-grid;intercon;28460
38255;9.84284571815251;8.75313787512239;Nigeria;Plateau;Langtang South;MABUDI;6872.997806;3588;189;1297;73.2;347;364;848;449;mini-grid;mini-grid;intercon;7190
38256;9.6192328545403;8.76070479529492;Nigeria;Plateau;Shendam;KURUNGBAU (A);2151.155396;3589;288;406;69.4;98;106;232;148;none;none;grid;7910
38257;9.29497196538024;8.77817628326169;Nigeria;Plateau;'Qua''an Pan';KURGWI;14430.19817;3590;253;2723;62.3;1080;1286;2592;1373;mini-grid;mini-grid;intercon;18600
38258;9.83564631079264;8.76866711902253;Nigeria;Plateau;Langtang South;TALGWANG;3291.493009;3591;189;621;67;147;166;328;221;none;mini-grid;intercon;8400
38259;9.57032899661871;8.77033796252434;Nigeria;Plateau;Shendam;KALONG;2460.876723;3592;288;464;67.9;143;176;352;203;mini-grid;mini-grid;intercon;11770
38260;9.68266242003061;8.76893802191677;Nigeria;Plateau;Shendam;YELWA;1914.640929;3593;306;361;73.4;86;106;224;130;none;grid;grid;1660
38261;9.79443320820906;8.77019313412535;Nigeria;Plateau;Langtang South;TALGWANG;4975.250767;3594;189;939;69.7;232;260;544;327;none;none;grid;4200
38264;9.14649320246228;8.7913266853868;Nigeria;Plateau;'Qua''an Pan';NAMU;1759.780265;3597;253;332;69.1;107;130;272;148;mini-grid;mini-grid;intercon;22970
38265;9.84681931561427;8.7898906921318;Nigeria;Plateau;Langtang North;TALGWANG;1067.481361;3598;189;201;69.2;50;54;112;73;none;none;grid;14630
38266;9.35789799108433;8.79015009461134;Nigeria;Plateau;Shendam;POESHIP;2044.160756;3599;253;386;74;99;154;304;154;none;mini-grid;intercon;15870
38268;9.80718195560194;8.80045223907656;Nigeria;Plateau;Langtang North;TALGWANG;2280.675224;3601;189;430;69.5;105;124;248;147;none;none;grid;8220
38269;9.98879577569016;8.79563296704319;Nigeria;Plateau;Wase;KUMBUR;1267.041791;3602;189;239;77.2;57;74;168;83;none;none;grid;24640
38271;9.44920906631596;8.81443368581521;Nigeria;Plateau;Shendam;POESHIP;6650.56158;3604;253;1255;68.2;373;440;1000;525;none;none;grid;4560
38272;9.48355894512503;8.81917165513446;Nigeria;Plateau;Shendam;POESHIP;1889.300093;3605;253;356;69.5;90;92;208;125;none;none;grid;4860
38273;9.3996511181588;8.81750594522394;Nigeria;Plateau;Shendam;POESHIP;1089.65594;3606;253;206;71.6;71;110;232;93;none;mini-grid;intercon;10240
38274;9.85766014114858;8.83230013365597;Nigeria;Plateau;Langtang North;LASHEL;1650.905116;3607;189;311;69.2;71;84;176;105;none;none;grid;13340
38283;9.76534523994172;8.86875188643842;Nigeria;Plateau;Shendam;DERTENG;1520.450149;3616;184;287;70.8;78;84;160;105;none;none;grid;4600
38284;9.30056926481219;8.87821474755259;Nigeria;Plateau;'Qua''an Pan';KWALLA MOEDA;2767.782402;3617;279;522;59.3;198;208;456;247;none;grid;grid;7590
38285;9.8311943243826;8.88170651893548;Nigeria;Plateau;Langtang North;NYER;1085.490336;3618;197;205;69.3;66;70;168;87;none;none;grid;6470
38290;10.0249199070862;8.90124565687416;Nigeria;Plateau;Wase;KADARKO;5732.660194;3623;189;1082;70.2;246;302;632;408;mini-grid;mini-grid;intercon;30240
38291;9.5626566413507;8.90869467293835;Nigeria;Plateau;Shendam;SHENDAM CENTRAL (A);3032.453354;3624;299;572;67.5;152;132;344;204;none;mini-grid;intercon;5250
38295;9.46437349387566;8.93728468743374;Nigeria;Plateau;Shendam;PANGSHOM;1569.716577;3628;283;296;71.5;97;150;304;132;none;mini-grid;intercon;12590
38296;9.16748363589207;8.93804632233723;Nigeria;Plateau;'Qua''an Pan';BWALL;3513.929234;3629;261;663;70.6;178;188;392;240;none;mini-grid;intercon;9630
38297;9.22197042102697;8.95038674555311;Nigeria;Plateau;'Qua''an Pan';DOEMAK-KOPLONG;8520.152135;3630;261;1608;71.2;436;420;992;559;none;none;grid;3440
38298;9.5737838394401;8.94428803268119;Nigeria;Plateau;Mikang;BALTEP;2804.385831;3631;299;529;86.2;131;208;576;197;mini-grid;mini-grid;intercon;8180
38301;9.39723700364085;8.95264160246168;Nigeria;Plateau;Shendam;PANGSHOM;1175.263268;3634;283;222;71.7;55;60;136;83;none;none;grid;8640
38302;10.2608369323327;8.95556897519498;Nigeria;Plateau;Wase;KADARKO;1114.996776;3635;0;210;69.1;52;62;128;76;none;mini-grid;mini-grid;45750
38306;10.0114365643652;8.96951979658022;Nigeria;Plateau;Wase;KADARKO;1703.467297;3639;189;321;69.1;79;88;176;115;none;none;grid;22370
38307;9.42048802330789;8.97455336916634;Nigeria;Plateau;Mikang;PANGSHOM;2810.017128;3640;283;530;70.9;137;162;336;195;mini-grid;mini-grid;intercon;13530
38310;9.5994477333039;9.00443813153185;Nigeria;Plateau;Mikang;BALTEP;12675.19344;3643;299;2392;64.7;761;772;1992;1043;mini-grid;mini-grid;intercon;16490
38313;9.88835284809021;9.01248085215134;Nigeria;Plateau;Wase;KUMBUR;3097.213267;3646;210;584;68.8;151;192;376;209;none;grid;grid;4070
38314;9.48733138320448;9.01727248482298;Nigeria;Plateau;Mikang;PIAPUNG \B\;5560.90564;3647;283;1049;70.4;273;404;792;384;mini-grid;mini-grid;intercon;21930
38316;9.26517570360883;9.02198286167126;Nigeria;Plateau;'Qua''an Pan';KWA;5493.330077;3649;274;1036;63.2;399;516;1000;506;mini-grid;intercon;intercon;8130
38318;9.90948424518334;9.04185722714812;Nigeria;Plateau;Wase;KUMBUR;9060.756632;3651;210;1710;66.5;415;472;920;643;mini-grid;intercon;intercon;7970
38322;9.88895458404259;9.05375074086519;Nigeria;Plateau;Langtang North;LIPCHOK;1286.582775;3655;209;243;68.7;65;64;144;84;none;none;grid;7400
38323;9.49549215332239;9.06330833019982;Nigeria;Plateau;Mikang;PIAPUNG \A\;5375.072843;3656;283;1014;70.9;273;354;704;396;mini-grid;mini-grid;intercon;27360
38326;9.93219533176516;9.06674259459897;Nigeria;Plateau;Langtang North;KUMBUR;3285.861712;3659;210;620;62.4;192;188;432;279;mini-grid;intercon;intercon;10070
38327;9.36235567922409;9.07398607217202;Nigeria;Plateau;Mikang;POESHIP;5163.899212;3660;283;974;69;237;250;552;409;mini-grid;mini-grid;intercon;5110
38330;9.68251360957236;9.07058823902091;Nigeria;Plateau;Mikang;LALIN;4392.411543;3663;305;829;66.2;252;330;648;369;mini-grid;mini-grid;intercon;13540
38331;10.0589287537924;9.07612827773778;Nigeria;Plateau;Wase;MAVO;7864.106051;3664;210;1484;71.7;360;446;968;535;mini-grid;intercon;intercon;17960
38334;9.86957857560882;9.10073331904917;Nigeria;Plateau;Langtang North;KUMBUR;1393.528032;3667;204;263;64.7;102;126;264;124;none;none;grid;4670
38337;8.84287300785773;9.10482582389284;Nigeria;Plateau;Bokkos;TOFF;1393.553995;3670;0;263;73.5;65;72;176;90;none;none;mini-grid;38350
38338;9.67476532146999;9.10626761063127;Nigeria;Plateau;Mikang;LALIN;1282.184728;3671;305;242;68.1;56;62;136;83;none;none;grid;16590
38342;9.71339975731597;9.12692942839566;Nigeria;Plateau;Langtang North;FUNYALANG;2252.51874;3675;305;425;68.7;110;110;248;155;none;none;grid;11210
38344;9.49440864915909;9.12937434158289;Nigeria;Plateau;Pankshin;TAL;4502.221832;3677;293;849;65.1;266;316;624;373;mini-grid;mini-grid;intercon;19010
38350;9.05042961021235;9.15959912380236;Nigeria;Plateau;Bokkos;MUSHERE CENTRAL;1374.036431;3683;227;259;64.3;80;82;184;105;none;mini-grid;intercon;19200
38353;9.83094974582787;9.17197694043123;Nigeria;Plateau;Langtang North;KWANDE;1559.869227;3686;194;294;62.8;91;98;200;116;none;none;grid;3790
38360;9.41352599471939;9.20001884916142;Nigeria;Plateau;Pankshin;PANKSHIN  SOUTH (BELNING);1773.858507;3693;281;335;69.8;102;112;304;139;none;mini-grid;intercon;15770
38362;8.840332374585;9.22130965324241;Nigeria;Plateau;Bokkos;DAFFO;1439.287833;3695;230;272;67.7;85;100;208;112;none;mini-grid;intercon;19530
38366;9.91195590953257;9.23109228010517;Nigeria;Plateau;Kanam;NAMARAN;3497.035344;3699;212;660;68.5;170;172;376;224;none;mini-grid;intercon;11780
38367;9.0373552178349;9.23177577622229;Nigeria;Plateau;Bokkos;TANGUR;2393.301161;3700;227;452;64.5;134;146;320;184;none;mini-grid;intercon;8710
38368;9.84567703530281;9.23312764109174;Nigeria;Plateau;Langtang North;REAK;1041.789917;3701;199;197;69.8;62;62;184;85;none;grid;grid;3280
38370;10.5754432232194;9.23851320824878;Nigeria;Plateau;Wase;YOLA WAKAT;1785.121101;3703;0;337;63;128;158;320;173;mini-grid;mini-grid;mini-grid;73120
38371;10.1792542412443;9.2552437863206;Nigeria;Plateau;Wase;BASHAR;2156.786693;3704;218;407;65.6;142;174;336;183;mini-grid;mini-grid;intercon;31560
38372;10.4775487748767;9.24213459043694;Nigeria;Plateau;Wase;NYALUM/KAMPANI;2348.250786;3705;0;443;70.2;103;108;272;156;mini-grid;mini-grid;mini-grid;62050
38376;9.81472526298533;9.2677396563078;Nigeria;Plateau;Langtang North;JAT;1520.450149;3709;191;287;70.8;73;80;168;98;none;none;grid;3300
38377;8.79026847529893;9.27438275603739;Nigeria;Plateau;Bokkos;MANGUNA;1677.47013;3710;230;317;66.3;102;106;232;136;none;mini-grid;intercon;25560
38379;9.88791096079036;9.27658832983913;Nigeria;Plateau;Kanam;NAMARAN;898.1918476;3712;212;169;74.7;63;98;224;81;mini-grid;mini-grid;intercon;9130
38381;9.55399808487173;9.28004934900367;Nigeria;Plateau;Kanke;LANGSHI;3485.77275;3714;293;658;67.5;203;264;536;290;mini-grid;mini-grid;intercon;7840
38384;9.96903056027371;9.2856200079669;Nigeria;Plateau;Kanam;KUNKYAM;1320.539111;3717;217;249;75.4;75;84;288;108;none;mini-grid;intercon;9600
38385;10.2162339593891;9.2942024306765;Nigeria;Plateau;Wase;BASHAR;1627.444789;3718;218;307;72.3;102;132;368;142;none;mini-grid;intercon;30810
38390;9.32705184743453;9.31364151068098;Nigeria;Plateau;Pankshin;LANKANG;2206.889258;3723;276;416;62.9;178;216;440;210;mini-grid;mini-grid;intercon;9410
38391;10.1573956714501;9.31374915410444;Nigeria;Plateau;Wase;BASHAR;2939.536956;3724;218;555;66.4;184;220;480;237;mini-grid;mini-grid;intercon;23460
38392;9.49020144379556;9.31574673188099;Nigeria;Plateau;Kanke;WOKKOS;5527.117858;3725;289;1043;79.7;256;278;1080;368;mini-grid;mini-grid;intercon;5860
38395;8.91865841152534;9.3447793129002;Nigeria;Plateau;Bokkos;BUTURA;5949.457549;3728;245;1123;67.1;372;390;896;480;mini-grid;intercon;intercon;6960
38397;10.0820156994885;9.36841323022878;Nigeria;Plateau;Kanam;JARMAI;7438.943139;3730;218;1404;67.8;446;510;1040;584;mini-grid;mini-grid;intercon;13500
38398;10.0290947225928;9.35009030237912;Nigeria;Plateau;Kanam;DENGI;1714.729891;3731;218;324;69.8;88;122;240;128;none;mini-grid;intercon;10220
38402;10.2422403185044;9.3609263324575;Nigeria;Plateau;Wase;NYALUM/KAMPANI;2393.301161;3735;218;452;76.6;107;124;336;192;none;none;grid;35680
38403;10.0410216592616;9.37574584659378;Nigeria;Plateau;Kanam;DENGI;1267.041791;3736;218;239;62.8;71;74;160;97;none;none;grid;8650
38406;10.173277548415;9.38269310493304;Nigeria;Plateau;Wase;BASHAR;4065.796326;3739;218;767;62.6;245;266;576;312;mini-grid;mini-grid;intercon;24790
38407;9.75897558445841;9.39667459002454;Nigeria;Plateau;Kanke;AMPER CHIKA \B\;1206.187624;3740;185;228;77.4;73;80;240;94;none;none;grid;10680
38408;10.2709486941437;9.39711942718057;Nigeria;Plateau;Wase;GUDUS;2787.491941;3741;218;526;61.5;163;208;344;227;mini-grid;mini-grid;intercon;35980
38412;9.29507660858233;9.405872999943;Nigeria;Plateau;Mangu;PUSHIT;1147.336278;3745;277;216;68;67;76;160;90;none;none;grid;2420
38415;9.3534457511221;9.41863372062818;Nigeria;Plateau;Pankshin;FIER;1282.90653;3748;282;242;72.5;74;80;248;104;none;mini-grid;intercon;7890
38417;9.95374618014019;9.42666550854198;Nigeria;Plateau;Kanam;KANAM;2351.066435;3750;216;444;67.5;135;158;328;187;none;mini-grid;intercon;7090
38418;9.39771129197791;9.41323193162449;Nigeria;Plateau;Pankshin;FIER;3229.548743;3751;284;609;64.8;201;210;416;263;mini-grid;mini-grid;intercon;8020
38420;10.0887113181246;9.42648104623594;Nigeria;Plateau;Kanam;JOM;2463.692372;3753;218;465;68.1;135;168;352;189;none;mini-grid;intercon;20120
38422;9.44870063071885;9.43206847584409;Nigeria;Plateau;Pankshin;FIER;3330.912087;3755;290;628;67;153;166;344;224;none;grid;grid;11200
38423;10.3794418125288;9.42880321275268;Nigeria;Plateau;Kanam;GARGA;2956.430846;3756;218;558;70.4;137;186;384;210;mini-grid;mini-grid;intercon;52640
38425;8.96166664522244;9.44337897361082;Nigeria;Plateau;Barikin Ladi;MARIT/MAZAT;3632.186468;3758;249;685;77.4;167;178;560;239;none;grid;grid;2430
38428;10.2896766261559;9.45281068684938;Nigeria;Plateau;Kanam;GARGA;1717.545539;3761;218;324;66.3;127;154;360;160;mini-grid;mini-grid;intercon;41830
38430;9.7323348836565;9.45165639982572;Nigeria;Plateau;Kanke;AMPER SERI;966.0589646;3763;311;182;67.6;61;94;184;89;none;mini-grid;intercon;12510
38431;10.0854875539556;9.4693648212271;Nigeria;Plateau;Kanam;JOM;2429.904591;3764;218;458;66.9;146;188;400;210;mini-grid;mini-grid;intercon;25120
38432;10.2440941092886;9.4541015719902;Nigeria;Plateau;Kanam;BIRBYANG;748.9624811;3765;218;141;67.5;53;78;152;66;none;mini-grid;intercon;36530
38434;9.88306920826136;9.46214614237686;Nigeria;Plateau;Kanam;GWAMLAR;957.3204646;3767;201;181;64.2;55;64;128;78;none;none;grid;14550
38435;8.69338620621883;9.46890730840804;Nigeria;Plateau;Riyom;SHARUBUTU;3208.817716;3768;269;605;65.7;186;230;480;255;mini-grid;mini-grid;intercon;9820
38436;10.2228720677174;9.46669447104568;Nigeria;Plateau;Kanam;BIRBYANG;2159.602342;3769;218;407;63.9;129;126;288;163;none;mini-grid;intercon;36410
38437;10.3579199976138;9.47333978511789;Nigeria;Plateau;Kanam;GARGA;1016.138104;3770;218;192;68.7;55;64;152;78;none;none;grid;50170
38438;9.74537871091911;9.47845714908381;Nigeria;Plateau;Kanke;KABWIR/GYANGYANG;1250.295786;3771;311;236;74.8;64;96;224;97;none;mini-grid;intercon;15730
38439;9.84534849282445;9.47797330927811;Nigeria;Plateau;Kanam;GWAMLAR;2252.51874;3772;201;425;67.6;103;108;232;163;none;none;grid;19160
38441;10.1696507001197;9.4803813085581;Nigeria;Plateau;Kanam;KANTANA;1013.633433;3774;218;191;63.3;80;112;232;100;none;mini-grid;intercon;34760
38442;9.45505260227883;9.4864528205105;Nigeria;Plateau;Pankshin;TAPSHIN;1968.138249;3775;290;371;70;117;144;320;173;none;grid;grid;11140
38444;9.85342250206786;9.49053157372715;Nigeria;Plateau;Kanam;GWAMLAR;2477.770614;3777;201;468;69;121;120;256;169;none;mini-grid;intercon;18960
38445;10.1377751184333;9.49136818310702;Nigeria;Plateau;Kanam;KANTANA;1531.712743;3778;218;289;58.4;90;90;152;121;none;mini-grid;intercon;30910
38446;8.69558092316167;9.49594367910319;Nigeria;Plateau;Riyom;SHARUBUTU;1766.166511;3779;269;333;66.4;109;158;288;147;none;mini-grid;intercon;14140
38447;10.314829168848;9.49687891281565;Nigeria;Plateau;Kanam;GARGA;7044.75236;3780;218;1329;72.5;321;358;832;496;mini-grid;mini-grid;intercon;47640
38448;10.0944206589674;9.50015899410209;Nigeria;Plateau;Kanam;KANTANA;2418.641997;3781;218;456;70.9;116;154;336;171;none;mini-grid;intercon;29030
38449;9.27247028777924;9.50234160721022;Nigeria;Plateau;Mangu;KANGSHU;2435.535887;3782;275;460;48.6;141;98;224;199;none;grid;grid;11940
38452;9.36687934025617;9.50866123319128;Nigeria;Plateau;Pankshin;KADUNG;1604.919602;3785;282;303;74.1;74;84;208;106;none;mini-grid;intercon;19160
38453;10.1135088365341;9.50367923618804;Nigeria;Plateau;Kanam;KANTANA;1554.23793;3786;218;293;67.1;71;74;160;107;none;none;grid;31160
38454;10.1970572281363;9.51145034086887;Nigeria;Plateau;Kanam;KANTANA;1548.606633;3787;218;292;70.1;73;78;176;104;none;mini-grid;intercon;39550
38459;10.2662062168787;9.51932645363488;Nigeria;Plateau;Kanam;GARGA;1126.25937;3792;218;213;74;64;92;200;85;none;mini-grid;intercon;49870
38466;8.74927748288215;9.55168404470337;Nigeria;Plateau;Riyom;RIM;1618.451846;3799;219;305;66.9;96;142;272;136;none;mini-grid;intercon;8930
38467;9.07829492036257;9.55040135041818;Nigeria;Plateau;Mangu;MANGU HALLE;2069.592348;3800;254;390;65.4;121;130;288;171;none;grid;grid;3890
38473;10.0766180314259;9.5717766654225;Nigeria;Plateau;Kanam;KANTANA;920.717035;3806;311;174;48.3;50;56;48;72;none;mini-grid;intercon;38170
38476;9.81922563000232;9.57679499627816;Nigeria;Plateau;Kanam;GAGDIB;4054.533732;3809;311;765;68;196;196;416;275;none;mini-grid;intercon;28390
38477;9.05330464980951;9.56913824192067;Nigeria;Plateau;Barikin Ladi;TAFAN;6915.232532;3810;254;1305;69.2;349;372;776;459;mini-grid;intercon;intercon;7450
38478;8.99007657350256;9.5782361030677;Nigeria;Plateau;Barikin Ladi;RAFAN;1303.64522;3811;254;246;68.7;78;84;216;101;none;grid;grid;7380
38479;9.00775549307962;9.59124060328229;Nigeria;Plateau;Barikin Ladi;RAFAN;2816.891472;3812;254;531;66.5;129;134;288;181;none;grid;grid;9370
38480;9.31229250190023;9.58801938336845;Nigeria;Plateau;Mangu;CHANSO;4814.758807;3813;275;908;61.7;280;280;672;377;mini-grid;intercon;intercon;9030
38487;9.96551443694272;9.60872676071736;Nigeria;Plateau;Kanam;GAGDIB;2705.838136;3820;311;511;68.4;132;140;296;188;none;mini-grid;intercon;29090
38493;8.81048836084996;9.64470125872004;Nigeria;Plateau;Riyom;RIYOM;2055.42335;3826;226;388;57.5;154;148;320;201;none;mini-grid;intercon;5540
38494;10.033661589979;9.65106870383458;Nigeria;Plateau;Kanam;GAGDIB;1391.24527;3827;0;262;70.7;63;78;168;99;mini-grid;mini-grid;mini-grid;41740
38496;9.06344308255028;9.66093586509124;Nigeria;Plateau;Barikin Ladi;TAFAN;3147.894939;3829;254;594;73.9;153;214;448;228;mini-grid;intercon;intercon;17730
38497;8.94613655036046;9.66771986060915;Nigeria;Plateau;Barikin Ladi;ZABOT;3516.744883;3830;246;664;71.1;273;374;864;343;none;grid;grid;3930
38498;9.15112173112582;9.67680328190122;Nigeria;Plateau;Mangu;KADUNU;2387.669864;3831;267;451;64;141;138;320;184;none;mini-grid;intercon;12970
38500;9.2438539610516;9.68366801223763;Nigeria;Plateau;Mangu;"KARDAM \""B\""";1477.197814;3833;267;279;60.7;82;84;176;120;none;none;grid;12120
38501;8.87283761829563;9.69258659096282;Nigeria;Plateau;Jos South;KURU \A\;1110.012842;3834;235;209;64.9;78;90;216;103;none;grid;grid;1630
38503;9.1500793047817;9.70672908113499;Nigeria;Plateau;Mangu;KADUNU;748.9624811;3836;267;141;73.3;52;84;192;67;none;mini-grid;intercon;16680
38504;8.98835688988981;9.71550547273904;Nigeria;Plateau;Barikin Ladi;ZABOT;6447.834894;3837;244;1217;62.5;378;390;800;519;mini-grid;mini-grid;intercon;7730
38509;9.05172990167537;9.72368531893018;Nigeria;Plateau;Jos East;FURSUM;1728.808133;3842;244;326;68.3;80;90;184;117;none;none;grid;14780
38510;9.06024215354632;9.75294256576783;Nigeria;Plateau;Jos East;FURSUM;5299.050336;3843;244;1000;68.4;410;468;1160;483;mini-grid;mini-grid;intercon;16830
38511;9.14469829459094;9.75688395437192;Nigeria;Plateau;Jos East;MAIJUJU;4429.014973;3844;244;836;78.1;345;444;1312;396;mini-grid;mini-grid;intercon;22670
38513;9.00672966936815;9.76967788328086;Nigeria;Plateau;Jos East;FURSUM;1759.780265;3846;244;332;65.9;110;112;248;139;none;mini-grid;intercon;11110
38514;8.79685625946074;9.7723723625236;Nigeria;Plateau;Jos South;GYEL \A\;1607.178456;3847;224;303;56.7;114;116;248;146;none;none;grid;4520
38515;8.81370259184375;9.7752007693125;Nigeria;Plateau;Jos South;GYEL \A\;2139.892803;3848;229;404;66;163;188;424;198;none;grid;grid;4630
38516;8.76389765519764;9.78177779907951;Nigeria;Plateau;Bassa;GYEL \A\;1661.23257;3849;181;313;71.7;78;84;208;111;none;grid;grid;5500
38519;8.78994271315369;9.81442427204162;Nigeria;Plateau;Bassa;GYEL \A\;5429.335563;3852;181;1024;67.5;327;308;904;446;none;grid;grid;2770
38521;8.74610594375546;9.80646007932191;Nigeria;Plateau;Bassa;GABIA;1407.824212;3854;181;266;67.4;63;74;144;96;none;grid;grid;6090
38524;9.24893727092451;9.84441450366541;Nigeria;Plateau;Jos East;ZANDI;4834.468346;3857;244;912;66.8;216;232;504;332;mini-grid;mini-grid;intercon;38520
38531;9.1335045855982;9.95591858421647;Nigeria;Plateau;Jos East;JARAWAN KOGI;1578.553638;3864;263;298;59.5;91;90;176;132;none;grid;grid;8320
38534;8.98649112141838;9.9735912654652;Nigeria;Plateau;Jos East;SHERE WEST;862.0076637;3867;243;163;69.2;51;56;136;66;none;grid;grid;11140
38535;8.96481097735638;9.98418034458425;Nigeria;Plateau;Jos North;NARAGUTA \B\;2798.580538;3868;243;528;64.3;219;232;544;265;none;grid;grid;8270
38538;8.91368601350595;10.0001826639242;Nigeria;Plateau;Jos North;NARAGUTA \B\;1664.048219;3871;241;314;58.1;116;134;248;163;none;grid;grid;2930
38539;9.00383616898954;10.0041058520206;Nigeria;Plateau;Jos North;SHERE EAST;3201.392259;3872;243;604;68.8;155;164;360;227;none;grid;grid;11430
38541;8.70043078158709;10.0095815319404;Nigeria;Plateau;Bassa;KISHIKA;1678.126461;3874;247;317;68.2;144;176;392;158;mini-grid;intercon;intercon;9960
38544;9.19273862747443;10.0186089113354;Nigeria;Plateau;Jos East;MAI GEMU;1731.623781;3877;244;327;67;82;82;176;113;none;none;grid;21970
38550;8.65179652550344;10.1225306467;Nigeria;Plateau;Bassa;GARU;2431.050011;3883;247;459;66.9;150;162;336;193;none;grid;grid;19740
38552;8.95914753647223;10.1389805629222;Nigeria;Plateau;Bassa;ZABOLO;1695.26413;3885;239;320;80;134;156;608;167;none;mini-grid;intercon;8900
38555;8.69853815367411;10.1803803650266;Nigeria;Plateau;Bassa;KASURU;2936.721307;3888;280;554;70;134;140;320;192;none;grid;grid;9070
38557;8.72822373208913;10.1910240438698;Nigeria;Plateau;Bassa;KASURU;6202.873481;3890;280;1170;68.7;308;296;648;413;mini-grid;intercon;intercon;5360
38576;8.57011696365557;9.50706570938628;Nigeria;Plateau;Riyom;GIDAN WAYA;1492.293665;3909;180;282;79.7;75;74;240;99;none;none;grid;20520
38586;9.56338404953556;8.42748812789516;Nigeria;Plateau;Shendam;AZARA;2970.509088;3919;292;560;71.3;139;142;336;207;none;mini-grid;intercon;42850
38588;9.50999324363468;8.42345044687635;Nigeria;Plateau;Shendam;WUSE;2914.19612;3921;292;550;82.4;139;158;464;191;none;mini-grid;intercon;63590
38590;9.09089131463453;8.9431315491277;Nigeria;Plateau;'Qua''an Pan';DOEMAK-GOECHIM;2525.636637;3923;261;477;76.3;124;158;432;179;mini-grid;mini-grid;intercon;18490
38602;8.97804145322872;9.47768019100335;Nigeria;Plateau;Barikin Ladi;MARIT/MAZAT;2094.842428;3935;252;395;70.9;96;104;232;142;none;grid;grid;4780
38605;8.95259657764757;9.60463301892329;Nigeria;Plateau;Barikin Ladi;RAFAN;2919.827417;3938;248;551;67.5;131;140;296;194;none;grid;grid;2730
38608;9.02250884828706;9.55185061502211;Nigeria;Plateau;Barikin Ladi;RAFAN;2396.116809;3941;256;452;68.7;112;126;256;160;none;none;grid;4630
38611;9.07271793312676;9.62620293900356;Nigeria;Plateau;Barikin Ladi;TAFAN;5710.135006;3944;254;1077;70.7;265;318;712;376;mini-grid;intercon;intercon;15260
38612;9.0975882305497;9.59891999796393;Nigeria;Plateau;Barikin Ladi;TAFAN;13230.73195;3945;254;2496;75.8;637;708;1760;882;mini-grid;intercon;intercon;10450
38613;9.07094051990581;9.58360132419708;Nigeria;Plateau;Barikin Ladi;TAFAN;1604.919602;3946;254;303;75;80;86;216;111;none;grid;grid;9860
38615;9.10970156502168;9.61732235853124;Nigeria;Plateau;Barikin Ladi;TAFAN;5327.20682;3948;254;1005;65.3;269;274;568;374;mini-grid;intercon;intercon;14210
38616;9.00040636916836;9.61178922369192;Nigeria;Plateau;Barikin Ladi;TAFAN;2601.659145;3949;254;491;63.5;159;156;336;202;none;grid;grid;8600
38617;8.97066163193435;9.61676067688212;Nigeria;Plateau;Barikin Ladi;TAFAN;4671.160737;3950;248;881;67.1;221;224;480;321;mini-grid;intercon;intercon;5400
38619;8.97864031014545;9.73626833439737;Nigeria;Plateau;Barikin Ladi;ZABOT;3361.884219;3952;244;634;70.7;154;174;376;213;none;mini-grid;intercon;5730
38620;8.96175440974947;9.75841442947527;Nigeria;Plateau;Barikin Ladi;ZABOT;1407.824212;3953;244;266;71.4;63;70;168;91;none;none;grid;5990
38632;8.76201718952147;10.2700933621233;Nigeria;Plateau;Bassa;JENGRE;1982.216491;3965;223;374;67;99;94;208;138;none;none;grid;5560
38637;8.75758410942698;10.1727461454974;Nigeria;Plateau;Bassa;KADAMO;1588.025711;3970;280;300;71.1;72;76;192;111;none;grid;grid;3490
38638;8.70081009783757;9.97152725514017;Nigeria;Plateau;Bassa;KAKKEK;8945.315047;3971;247;1688;70.1;413;480;968;618;mini-grid;intercon;intercon;6300
38639;8.7212997344854;9.96295293706888;Nigeria;Plateau;Bassa;KAKKEK;2666.419058;3972;247;503;65.2;152;172;368;227;none;grid;grid;3540
38640;8.7411448245889;9.91722475977979;Nigeria;Plateau;Bassa;KAKKEK;2624.184332;3973;220;495;65.1;144;168;360;202;none;grid;grid;4300
38642;8.71691893634125;10.2006718921467;Nigeria;Plateau;Bassa;KASURU;2035.713811;3975;280;384;72.4;97;98;264;133;none;grid;grid;6830
38648;8.68588179640942;10.0431503936036;Nigeria;Plateau;Bassa;KISHIKA;2683.312949;3981;247;506;69.5;124;134;296;183;none;grid;grid;14250
38649;8.66938168636521;10.105422416473;Nigeria;Plateau;Bassa;KISHIKA;2902.933526;3982;247;548;79.8;139;140;512;193;none;grid;grid;18020
38651;8.66989484740078;10.0755931555548;Nigeria;Plateau;Bassa;KISHIKA;2086.395483;3984;247;394;70.3;95;106;232;140;none;grid;grid;19530
38653;8.71398860645709;10.0585727226195;Nigeria;Plateau;Bassa;MAFARA;2677.681652;3986;247;505;69.3;126;132;288;180;none;grid;grid;14310
38654;8.68558827630087;10.0934425217197;Nigeria;Plateau;Bassa;MAFARA;2745.257214;3987;247;518;67.9;124;128;280;185;none;grid;grid;18350
38656;8.84568145494554;10.3490106227243;Nigeria;Plateau;Bassa;RIMI;1216.360119;3989;228;230;69.8;59;56;136;81;none;none;grid;4770
38657;8.83790258310892;10.31865301113;Nigeria;Plateau;Bassa;RIMI;2241.256146;3990;231;423;68.7;100;108;232;157;none;grid;grid;2710
38658;8.80648181695408;10.3710787407868;Nigeria;Plateau;Bassa;RIMI;1531.712743;3991;228;289;48.6;85;58;144;132;none;none;grid;5860
38665;9.02950034005851;9.31477937461302;Nigeria;Plateau;Bokkos;BOKKOS;1424.718103;3998;255;269;70.6;90;138;272;123;none;none;grid;4160
38668;9.04919754202182;9.29277453441865;Nigeria;Plateau;Bokkos;BOKKOS;1407.824212;4001;259;266;72.7;63;70;168;98;none;grid;grid;10740
38674;8.87514956388113;9.38664128078343;Nigeria;Plateau;Barikin Ladi;BUTURA;4651.451198;4007;232;878;70.4;212;228;520;319;mini-grid;intercon;intercon;8820
38679;8.81873579044686;9.20930339348262;Nigeria;Plateau;Bokkos;DAFFO;841.8788791;4012;230;159;50.5;56;60;80;78;none;mini-grid;intercon;22260
38680;8.81460059888769;9.06262841997464;Nigeria;Plateau;Bokkos;DAMWAI;3294.308657;4013;227;622;79.3;157;216;536;230;mini-grid;mini-grid;intercon;44560
38683;9.03606733577783;9.38150973276867;Nigeria;Plateau;Bokkos;KWATAS;1689.389055;4016;251;319;76;74;90;216;127;none;grid;grid;10790
38684;9.02810022144495;9.42918393664599;Nigeria;Plateau;Mangu;KWATAS;2745.257214;4017;252;518;71;127;140;312;187;mini-grid;intercon;intercon;8960
38685;9.00870753534946;9.36451565214953;Nigeria;Plateau;Bokkos;KWATAS;2567.871363;4018;251;485;68.3;115;126;280;198;none;grid;grid;7170
38688;8.98949166553297;9.38522334503178;Nigeria;Plateau;Bokkos;KWATAS;1664.048219;4021;251;314;68.7;77;84;184;116;none;grid;grid;4770
38691;8.87407191439653;9.3357294125258;Nigeria;Plateau;Bokkos;MANGOR;2128.630209;4024;232;402;72.9;95;116;264;158;none;grid;grid;13060
38696;8.95250155960109;9.22826554361787;Nigeria;Plateau;Bokkos;MBAR/MANGAR;1221.991416;4029;230;231;68.3;92;112;264;116;none;mini-grid;intercon;10850
38697;8.91395064550257;9.2601510896594;Nigeria;Plateau;Bokkos;MBAR/MANGAR;2159.602342;4030;230;407;70.1;113;140;304;153;mini-grid;mini-grid;intercon;9800
38701;8.81550303581544;9.32149232106725;Nigeria;Plateau;Bokkos;MANGUNA;934.7952772;4034;230;176;65.3;54;64;128;72;none;none;grid;18470
38702;8.75527588321247;9.34559743822056;Nigeria;Plateau;Barikin Ladi;MANGUNA;957.3204646;4035;192;181;44.6;52;56;32;72;none;mini-grid;intercon;8930
38705;8.71344794666528;9.26897816465206;Nigeria;Plateau;Bokkos;MANGUNA;1216.360119;4038;192;230;70.3;58;70;152;83;mini-grid;mini-grid;intercon;17940
38706;9.06192741071771;9.20070548601908;Nigeria;Plateau;Bokkos;MUSHERE CENTRAL;1596.472657;4039;227;301;73.6;103;144;368;131;mini-grid;mini-grid;intercon;14060
38707;9.05552794812009;9.17310125709554;Nigeria;Plateau;Bokkos;MUSHERE CENTRAL;1275.488736;4040;227;241;73.1;61;68;168;89;none;none;grid;17150
38711;9.00694886965187;9.13838236752949;Nigeria;Plateau;Bokkos;MUSHERE  WEST;2491.848856;4044;227;470;76;111;138;336;184;none;mini-grid;intercon;19580
38712;9.00411731199543;9.17263904224278;Nigeria;Plateau;Bokkos;MUSHERE  WEST;2263.781333;4045;227;427;69.6;100;120;264;160;none;mini-grid;intercon;15470
38714;8.99955427801534;9.15110364824861;Nigeria;Plateau;Bokkos;MUSHERE  WEST;1160.047151;4047;227;219;67.9;54;58;120;77;none;none;grid;17720
38717;8.9005059534287;9.13958054465637;Nigeria;Plateau;Bokkos;RICHA;2376.40727;4050;227;448;77.6;124;190;376;166;mini-grid;mini-grid;intercon;28750
38722;9.02198209537822;9.2397481571091;Nigeria;Plateau;Bokkos;TANGUR;2249.703091;4055;227;424;66.1;105;112;224;163;none;mini-grid;intercon;6880
38723;9.00564221871035;9.27055054667731;Nigeria;Plateau;Bokkos;TANGUR;1740.070726;4056;227;328;64.4;97;112;232;134;none;none;grid;2950
38725;9.08965071527106;9.28494359346368;Nigeria;Plateau;Bokkos;TANGUR;1478.215423;4058;259;279;70.2;79;112;216;111;mini-grid;intercon;intercon;11930
38729;8.79411561912339;9.10052876479631;Nigeria;Plateau;Bokkos;TOFF;2993.034276;4062;227;565;71.9;151;160;352;209;none;mini-grid;intercon;36750
38731;8.8007884053969;9.12631411981587;Nigeria;Plateau;Bokkos;TOFF;1053.052511;4064;0;199;68.9;59;66;168;94;none;mini-grid;mini-grid;32830
38736;9.13174660090694;9.84027334443747;Nigeria;Plateau;Jos East;FEDERE;2083.579834;4069;260;393;67.3;95;100;216;138;none;grid;grid;8020
38737;9.07694397951776;9.84784655953985;Nigeria;Plateau;Jos East;FEDERE;2857.883151;4070;260;539;70.4;129;146;336;201;none;grid;grid;2050
38742;9.07208878370413;9.700972160664;Nigeria;Plateau;Barikin Ladi;FURSUM;965.7674098;4075;244;182;69.7;50;50;112;68;none;none;grid;18300
38744;9.10907644175926;9.9933578778509;Nigeria;Plateau;Jos East;JARAWAN KOGI;4355.808114;4077;263;822;63.7;271;300;608;352;mini-grid;intercon;intercon;8960
38745;9.13191799347691;9.9322343201817;Nigeria;Plateau;Jos East;JARAWAN KOGI;1233.25401;4078;263;233;64.9;72;74;168;96;none;grid;grid;4280
38750;9.23724758984987;9.95132967190637;Nigeria;Plateau;Jos East;MAI GEMU;2049.792053;4083;244;387;66.2;97;100;208;139;none;mini-grid;intercon;32300
38751;9.20786614066921;10.0091613771295;Nigeria;Plateau;Jos East;MAI GEMU;1407.824212;4084;244;266;68.4;64;74;152;95;none;none;grid;23360
38753;9.08751405569143;9.75946154602858;Nigeria;Plateau;Jos East;MAIJUJU;4854.177885;4086;244;916;72.2;243;244;608;321;mini-grid;mini-grid;intercon;19940
38761;9.23297205827683;9.91261496407375;Nigeria;Plateau;Jos East;ZANDI;1599.288305;4094;244;302;65.9;71;78;160;109;none;none;grid;36380
38762;9.24193924281379;9.888332961065;Nigeria;Plateau;Jos East;ZANDI;1464.137181;4095;244;276;74.6;74;80;208;103;none;none;grid;39300
38767;8.92918297759008;9.96385324099617;Nigeria;Plateau;Jos North;NARAGUTA \B\;6475.991378;4100;243;1222;63.5;474;574;1168;635;none;grid;grid;3420
38768;8.89653378047239;9.73689678536312;Nigeria;Plateau;Jos South;DU;2379.222919;4101;240;449;62.4;138;138;280;185;none;grid;grid;2890
38773;8.74631314955242;9.65443709610447;Nigeria;Plateau;Riyom;VWANG;3111.29151;4106;221;587;71.1;138;144;376;242;none;grid;grid;2510
38775;8.70444888491279;9.68973746034451;Nigeria;Plateau;Riyom;VWANG;1210.728822;4108;302;228;72.8;56;66;144;87;none;none;grid;3800
38778;8.73492056351259;9.71788422914688;Nigeria;Plateau;Jos South;VWANG;3525.191828;4111;214;665;62.7;263;300;616;320;none;grid;grid;3280
38779;8.71000879519625;9.66752631967447;Nigeria;Plateau;Jos South;VWANG;1393.74597;4112;302;263;63.4;65;56;128;97;none;none;grid;6720
38780;9.88701151347625;9.36481460147898;Nigeria;Plateau;Kanam;DENGI;1399.377267;4113;211;264;71.3;67;68;168;94;none;grid;grid;2310
38786;9.79210051157135;9.46814190007371;Nigeria;Plateau;Kanke;GAGDIB;4823.205752;4119;185;910;68.5;243;224;512;311;mini-grid;mini-grid;intercon;16280
38787;9.86655073961862;9.59217840042442;Nigeria;Plateau;Kanam;GAGDIB;1458.505884;4120;311;275;72.3;68;72;184;95;none;none;grid;34240
38789;9.82250364395179;9.52322295749742;Nigeria;Plateau;Kanam;GAGDIB;1604.919602;4122;311;303;73.2;74;80;208;109;none;none;grid;23530
38792;9.81393669661368;9.33351939170362;Nigeria;Plateau;Kanam;GUMSHER;2576.318309;4125;195;486;73.7;113;144;312;180;none;grid;grid;1490
38793;9.79488429938573;9.32298894412664;Nigeria;Plateau;Kanam;GUMSHER;1267.041791;4126;193;239;75.7;56;74;160;83;none;grid;grid;2600
38794;9.8253569719472;9.30397633369266;Nigeria;Plateau;Langtang North;GUMSHER;1267.041791;4127;191;239;72.5;57;64;160;86;none;none;grid;6660
38795;9.84527283097896;9.35597806950149;Nigeria;Plateau;Kanam;GUMSHER;1402.192915;4128;202;265;68.9;64;68;152;90;none;grid;grid;1090
38798;9.78831005311081;9.41939932577921;Nigeria;Plateau;Kanke;GWAMLAR;3091.581971;4131;185;583;67.2;184;190;464;247;none;mini-grid;intercon;9700
38799;9.86761536448418;9.43093285459059;Nigeria;Plateau;Kanam;GWAMLAR;1863.959257;4132;201;352;67.8;84;92;200;127;none;none;grid;11010
38800;9.85619198627905;9.39547210901166;Nigeria;Plateau;Kanam;GWAMLAR;1221.991416;4133;201;231;92.6;55;80;288;77;none;none;grid;6610
38802;9.63730496826083;9.43143794889323;Nigeria;Plateau;Kanke;KABWIR/GYANGYANG;1126.25937;4135;301;213;70.2;60;88;184;83;none;none;grid;4330
38803;9.81102152167757;9.39119380142233;Nigeria;Plateau;Kanam;GWAMLAR;1596.472657;4136;185;301;77;73;82;232;121;none;none;grid;5460
38804;9.80746147775087;9.41746797568178;Nigeria;Plateau;Kanam;GWAMLAR;1582.394415;4137;185;299;71.3;69;74;200;103;none;none;grid;9970
38805;9.90255305247253;9.4272309875987;Nigeria;Plateau;Kanam;GWAMLAR;1295.198275;4138;201;244;70.8;61;68;152;86;none;none;grid;9730
38807;10.0272217431961;9.31013750735985;Nigeria;Plateau;Wase;JARMAI;1438.796345;4140;218;271;71.4;75;108;224;105;none;mini-grid;intercon;10820
38808;9.95366275685963;9.56022090286486;Nigeria;Plateau;Kanam;KANAM;1317.723463;4141;0;249;75.1;60;74;176;92;none;mini-grid;mini-grid;23520
38811;9.96015923376543;9.59430610390134;Nigeria;Plateau;Kanam;KANAM;1148.784557;4144;0;217;71.9;52;58;136;79;none;none;mini-grid;27470
38814;10.0326698921805;9.39359093005749;Nigeria;Plateau;Kanam;KANAM;2404.563755;4147;218;454;71;104;116;288;160;none;mini-grid;intercon;8940
38821;9.98753995194326;9.24729541798497;Nigeria;Plateau;Kanam;KUNKYAM;1368.405134;4154;217;258;69;62;70;144;90;none;none;grid;5870
38825;9.9081840356768;9.30711582719688;Nigeria;Plateau;Kanam;NAMARAN;1407.824212;4158;212;266;68.9;67;76;144;94;none;none;grid;5310
38826;9.92458613720397;9.30329885681894;Nigeria;Plateau;Kanam;NAMARAN;2365.144677;4159;212;446;67.8;105;118;240;166;none;none;grid;7440
38830;9.55381474671578;9.3461205163389;Nigeria;Plateau;Kanke;AMPANG-EAST;1951.244358;4163;297;368;75.4;101;134;320;140;none;none;grid;4840
38835;9.69565376198388;9.34046049544731;Nigeria;Plateau;Kanke;AMPER CHIKA \A\;2055.42335;4168;310;388;68.6;92;104;208;134;none;grid;grid;2190
38838;9.7361086883989;9.2827572855162;Nigeria;Plateau;Kanke;AMPER CHIKA \B\;1126.25937;4171;312;213;71.6;55;56;128;77;none;none;grid;3220
38839;9.71024532244464;9.2587935329882;Nigeria;Plateau;Kanke;AMPER CHIKA \B\;2353.882083;4172;312;444;71.9;118;158;320;162;mini-grid;mini-grid;intercon;7590
38847;9.51651800009256;9.23012310037341;Nigeria;Plateau;Pankshin;GARRAM;2168.049287;4180;293;409;75.8;104;114;280;146;none;mini-grid;intercon;16660
38851;9.50691601491124;9.19858238166192;Nigeria;Plateau;Pankshin;GARRAM;2446.798481;4184;293;462;74.2;117;164;360;165;mini-grid;mini-grid;intercon;20460
38854;9.59667704140668;9.38618011184493;Nigeria;Plateau;Kanke;KABWIR PADA;1680.942109;4187;300;317;69.4;77;84;184;119;none;grid;grid;810
38856;9.62323954655931;9.40077497824455;Nigeria;Plateau;Kanke;KABWIR PADA;788.381559;4189;303;149;64.7;56;72;160;65;none;none;grid;3690
38858;9.66986753512412;9.43525187517972;Nigeria;Plateau;Kanke;KABWIR/GYANGYANG;1548.606633;4191;301;292;71.1;75;80;176;108;none;none;grid;9420
38862;9.52375785602432;9.45772458667065;Nigeria;Plateau;Kanke;NEMEL;3378.77811;4195;296;638;79.7;163;168;672;232;none;grid;grid;4620
38867;9.81697708605155;9.2504480203512;Nigeria;Plateau;Langtang North;JAT;1323.354759;4200;196;250;76.6;56;70;184;92;none;grid;grid;2660
38868;9.83111048548648;9.26670656381758;Nigeria;Plateau;Langtang North;JAT;1548.606633;4201;196;292;69.2;67;76;168;114;none;grid;grid;4970
38870;9.84742917391199;9.17451115751079;Nigeria;Plateau;Langtang North;KELLER;4355.808114;4203;205;822;70.7;195;224;496;284;none;grid;grid;3850
38872;9.86579111814686;9.21543135387472;Nigeria;Plateau;Langtang North;KELLER;1314.907814;4205;208;248;79.7;67;102;288;94;none;grid;grid;2830
38876;9.77506246233632;9.1050749539564;Nigeria;Plateau;Langtang North;KUFFEN;2798.754534;4209;305;528;66.5;125;136;272;196;none;none;grid;2460
38887;9.85149746774994;8.90744786757342;Nigeria;Plateau;Langtang North;NYER;1188.203635;4220;197;224;67.5;55;58;120;79;none;none;grid;3340
38889;9.80981304845185;8.89357231011813;Nigeria;Plateau;Langtang North;NYER;2018.81992;4222;197;381;69.3;98;100;240;145;none;none;grid;6260
38890;9.81463114663134;8.8708933680677;Nigeria;Plateau;Langtang North;NYER;1469.768478;4223;197;277;73.7;69;76;184;98;none;none;grid;9100
38893;9.8714518297934;8.9328953281312;Nigeria;Plateau;Langtang North;NYER;1914.640929;4226;207;361;66;85;92;184;128;none;grid;grid;3220
38894;9.76741287468787;9.17073869230462;Nigeria;Plateau;Langtang North;PAJAT;2134.261506;4227;187;403;67.5;99;110;216;139;none;grid;grid;3370
38895;9.87791502608324;9.2288462847571;Nigeria;Plateau;Langtang North;PIL GANI;2094.842428;4228;199;395;69.2;98;104;224;143;none;grid;grid;4440
38896;9.91670357476802;9.09005802810088;Nigeria;Plateau;Langtang North;PISHE/YASHI;1751.33332;4229;213;330;65.9;83;86;176;116;none;none;grid;5190
38898;9.86445982139179;9.23563037436872;Nigeria;Plateau;Langtang North;REAK;1230.438361;4231;199;232;73.6;65;94;224;90;none;grid;grid;5400
38902;9.72426685831142;9.19790270080599;Nigeria;Plateau;Langtang North;WAROH;3970.064279;4235;309;749;71.8;191;248;512;264;mini-grid;intercon;intercon;9680
38903;9.72349937522946;9.21848182498926;Nigeria;Plateau;Langtang North;WAROH;1382.483376;4236;309;261;69.5;62;72;144;92;none;grid;grid;7390
38904;9.73169801456731;9.23485326701123;Nigeria;Plateau;Langtang North;WAROH;1900.562687;4237;309;359;67.8;88;106;184;132;none;grid;grid;5440
38906;9.7491778808632;9.24129630129973;Nigeria;Plateau;Langtang North;WAROH;1588.025711;4239;309;300;70.1;76;84;176;105;none;grid;grid;3010
38908;9.86517411524805;8.5849748373082;Nigeria;Plateau;Langtang South;GAMAKAI;3111.29151;4241;188;587;68;155;152;328;211;none;mini-grid;intercon;22640
38909;9.87148446674955;8.81163738723056;Nigeria;Plateau;Langtang North;LASHEL;2443.982833;4242;189;461;75.7;112;126;352;169;none;mini-grid;intercon;15640
38911;9.86610540332757;8.86168060958178;Nigeria;Plateau;Langtang North;LASHEL;1579.578766;4244;197;298;72.3;74;86;176;119;none;none;grid;11710
38912;9.74835027308845;8.39390748692924;Nigeria;Plateau;Langtang South;MAGAMA;3829.281858;4245;292;723;71.5;180;194;448;254;none;mini-grid;intercon;43170
38914;9.69003970622624;8.709309910193;Nigeria;Plateau;Langtang South;SABON GIDA;1900.562687;4247;308;359;68.6;94;92;200;131;none;none;grid;5630
38916;9.79440863801508;8.54235524862476;Nigeria;Plateau;Langtang South;TIMBOL;1267.041791;4249;188;239;75.3;59;66;168;88;none;none;grid;26670
38917;9.67656537264966;8.64576810582708;Nigeria;Plateau;Langtang South;TURAKI;2353.882083;4250;292;444;71.1;123;158;320;170;none;mini-grid;intercon;13840
38918;9.19180810398952;9.28405920064802;Nigeria;Plateau;Mangu;AMPANG WEST;1300.829572;4251;271;245;90.1;59;78;328;87;none;grid;grid;670
38919;9.21604851773316;9.29255477217468;Nigeria;Plateau;Mangu;AMPANG WEST;1968.138249;4252;272;371;80.2;105;120;288;139;none;mini-grid;intercon;6180
38921;9.13786380570722;9.27296512978865;Nigeria;Plateau;Mangu;AMPANG WEST;1055.868159;4254;264;199;70;56;88;168;75;none;none;grid;4780
38927;9.26202639429143;9.57901247042571;Nigeria;Plateau;Mangu;CHANSO;1756.964617;4260;275;332;71.2;86;134;248;128;none;grid;grid;3560
38928;9.28665576049658;9.55920422125587;Nigeria;Plateau;Pankshin;CHANSO;1295.198275;4261;275;244;68.2;61;68;136;90;none;grid;grid;7320
38930;9.29429754729792;9.59780497122377;Nigeria;Plateau;Mangu;CHANSO;2579.133957;4263;275;487;66.4;148;168;360;194;none;grid;grid;7590
38937;9.26508216919125;9.52848107756204;Nigeria;Plateau;Mangu;JANNARET;1298.013924;4270;275;245;73.2;61;72;160;90;none;grid;grid;9450
38941;9.2265663650609;9.0703902282898;Nigeria;Plateau;Mangu;JIPAL/CHAKFEM;1495.109313;4274;274;282;67.8;67;70;160;107;none;grid;grid;10150
38942;9.25540499321704;9.18102685266034;Nigeria;Plateau;Mangu;JIPAL/CHAKFEM;1568.316172;4275;276;296;68.9;82;110;224;113;none;mini-grid;intercon;7950
38943;9.23962640672559;9.16695228572354;Nigeria;Plateau;Mangu;JIPAL/CHAKFEM;1292.382627;4276;276;244;68.3;59;70;136;86;none;none;grid;6030
38957;9.10094633675866;9.69462063322102;Nigeria;Plateau;Mangu;KADUNU;1492.293665;4290;254;282;70.9;79;104;240;110;none;grid;grid;24090
38959;9.13917686217863;9.34976225681723;Nigeria;Plateau;Mangu;KERANG;1252.963549;4292;259;236;71.1;56;64;144;86;none;grid;grid;7860
38960;9.11911106338269;9.30854449729724;Nigeria;Plateau;Bokkos;KERANG;2241.256146;4293;259;423;74.9;108;110;328;148;none;grid;grid;9930
38961;9.1651287734882;9.33128941136121;Nigeria;Plateau;Mangu;KERANG;1751.33332;4294;259;330;71.6;81;88;208;126;none;grid;grid;3370
38962;9.14761490613244;9.33396165778325;Nigeria;Plateau;Mangu;KERANG;1112.181128;4295;259;210;71.6;52;58;128;73;none;grid;grid;5260
38963;9.1838275720874;9.32508023820806;Nigeria;Plateau;Mangu;KERANG;1309.276517;4296;259;247;68.7;60;62;144;88;none;grid;grid;1040
38965;9.12942526802666;9.33585449871007;Nigeria;Plateau;Mangu;KERANG;1421.902454;4298;259;268;73.5;72;104;248;102;none;grid;grid;8360
38967;9.14117670689555;9.38244078164632;Nigeria;Plateau;Mangu;KOMBUN;3826.46621;4300;259;722;59.3;247;226;536;312;mini-grid;intercon;intercon;9600
38968;9.13435608359228;9.36722614067651;Nigeria;Plateau;Mangu;KOMBUN;5152.636618;4301;259;972;78.7;249;278;776;343;mini-grid;intercon;intercon;10120
38976;9.15078504105297;9.4485837846099;Nigeria;Plateau;Mangu;KOMBUN;1120.628073;4309;262;211;75.3;51;52;184;73;none;none;grid;4660
38977;9.10128254066374;9.43055386469744;Nigeria;Plateau;Mangu;KOMBUN;4575.428691;4310;262;863;70.5;210;260;600;312;mini-grid;mini-grid;intercon;7420
38978;9.12528383167659;9.44746410551266;Nigeria;Plateau;Mangu;KOMBUN;1221.991416;4311;262;231;74;60;64;152;81;none;none;grid;4770
38981;9.04582280041003;9.45891278051489;Nigeria;Plateau;Mangu;KOMBUN;1976.585194;4314;252;373;73.9;86;106;256;130;none;grid;grid;9200
38983;9.21509078202296;9.62663558001714;Nigeria;Plateau;Mangu;LANGAI;3646.26471;4316;267;688;71.7;162;184;448;248;none;none;grid;2790
38987;9.14438651055182;9.61754900286129;Nigeria;Plateau;Mangu;LANGAI;1289.566978;4320;254;243;67.8;64;66;136;94;none;grid;grid;13290
38999;9.14637863171563;9.20245497641402;Nigeria;Plateau;Mangu;MANGUN;2108.92067;4332;266;398;72.9;100;108;272;141;none;grid;grid;2110
39004;9.10750692782476;9.54768769124283;Nigeria;Plateau;Mangu;MANGU HALLE;1216.360119;4337;254;230;66.1;54;58;120;79;none;grid;grid;3680
39006;9.13687077208808;9.57903076066556;Nigeria;Plateau;Mangu;MANGU HALLE;1140.337612;4339;254;215;72.3;57;66;136;79;none;grid;grid;8550
39013;9.02347051150782;9.48910028259255;Nigeria;Plateau;Mangu;MANGU HALLE;1010.817784;4346;252;191;62.9;74;88;184;94;none;grid;grid;4000
39020;9.2156804618879;9.46387639229492;Nigeria;Plateau;Mangu;PAN YAM;1343.064298;4353;270;253;68.3;63;66;152;92;none;none;grid;3650
39027;9.23419455451631;9.35564708944274;Nigeria;Plateau;Mangu;PAN YAM;3651.896007;4360;273;689;68;166;188;368;240;none;grid;grid;2340
39033;9.2460129603937;9.42187202354651;Nigeria;Plateau;Mangu;PUSHIT;1334.617353;4366;277;252;70.1;61;70;144;91;none;none;grid;1580
39034;9.27188793750998;9.43923394020676;Nigeria;Plateau;Mangu;PUSHIT;1641.523031;4367;277;310;75.1;78;86;216;114;none;none;grid;4830
39048;9.39371970629091;9.0269821020743;Nigeria;Plateau;Mikang;KOENOEM \A\;3567.426554;4381;283;673;68.6;172;214;432;241;mini-grid;mini-grid;intercon;11200
39051;9.42796194131857;9.05318413723596;Nigeria;Plateau;Mikang;KOENOEM \B\;1464.137181;4384;283;276;67.2;69;68;152;102;none;none;grid;15970
39053;9.44099727030394;9.02408176366163;Nigeria;Plateau;Mikang;PIAPUNG \B\;1911.82528;4386;283;361;65.6;87;90;184;129;none;mini-grid;intercon;17200
39063;9.51129843795457;9.04330484333262;Nigeria;Plateau;Mikang;PIAPUNG \A\;1095.287237;4396;283;207;66.8;74;100;208;97;none;mini-grid;intercon;22690
39070;9.62178806624574;8.96987249802769;Nigeria;Plateau;Mikang;TUNKUS;1131.890666;4403;299;214;68.7;53;56;120;75;none;none;grid;16710
39072;9.34599347463493;9.19282235294157;Nigeria;Plateau;Pankshin;CHIP;2317.278654;4405;281;437;71.8;116;124;272;162;mini-grid;mini-grid;intercon;12020
39073;9.36623846517055;9.20481422974899;Nigeria;Plateau;Pankshin;CHIP;1348.695595;4406;281;254;65.8;79;84;200;110;none;none;grid;11710
39078;9.4249639935923;9.14310853071473;Nigeria;Plateau;Pankshin;CHIP;1585.210063;4411;283;299;67.2;68;78;160;105;none;none;grid;8800
39083;9.62260010414268;9.22406245129487;Nigeria;Plateau;Pankshin;DOK-PAI;1723.176836;4416;304;325;69.9;88;120;248;132;none;mini-grid;intercon;9120
39090;9.37011606820308;9.4620908866331;Nigeria;Plateau;Pankshin;KADUNG;3654.711656;4423;282;690;63.3;169;168;496;251;mini-grid;mini-grid;intercon;13420
39096;9.26301677556387;9.28749613287051;Nigeria;Plateau;Pankshin;JIBLIK;1154.415854;4429;272;218;70.6;54;60;128;85;none;none;grid;11040
39102;9.26904069205951;9.23444903526283;Nigeria;Plateau;Pankshin;JIBLIK;3725.102866;4435;276;703;76.5;185;268;648;264;mini-grid;mini-grid;intercon;14910
39107;9.44586613358865;9.46725301750475;Nigeria;Plateau;Pankshin;KADUNG;1647.154328;4440;290;311;71.8;77;90;192;118;none;grid;grid;14430
39112;9.30210557212414;9.48854332602817;Nigeria;Plateau;Pankshin;KANGSHU;1627.444789;4445;275;307;71.3;81;124;240;117;mini-grid;intercon;intercon;11260
39127;9.52243106362852;9.40306346020137;Nigeria;Plateau;Kanke;PANKSHIN  CHIGWONG;1461.321532;4460;295;276;68.2;69;74;160;99;none;mini-grid;intercon;5380
39128;9.47137210774062;9.39224415418664;Nigeria;Plateau;Pankshin;PANKSHIN  CHIGWONG;2317.278654;4461;290;437;71.6;117;158;320;165;mini-grid;intercon;intercon;5870
39129;9.45638769569557;9.37105340746279;Nigeria;Plateau;Pankshin;PANKSHIN  CHIGWONG;3190.129665;4462;290;602;67.1;184;196;488;251;none;grid;grid;2650
39131;9.38144317922503;9.29064310428504;Nigeria;Plateau;Pankshin;PANKSHIN  SOUTH (BELNING);3584.320445;4464;286;676;72.2;167;198;416;239;none;grid;grid;5440
39132;9.35757947281347;9.28016170339556;Nigeria;Plateau;Pankshin;PANKSHIN  SOUTH (BELNING);1942.797413;4465;276;367;75;86;114;248;130;none;mini-grid;intercon;9590
39135;9.46800457553315;9.16094547721737;Nigeria;Plateau;Pankshin;PANKSHIN  SOUTH (BELNING);1466.952829;4468;293;277;67.9;66;72;152;97;none;none;grid;14010
39137;9.46606567724161;9.1343545616266;Nigeria;Plateau;Pankshin;TAL;1604.919602;4470;293;303;65.1;78;74;152;103;none;none;grid;13910
39140;9.46385772863216;9.28489974610448;Nigeria;Plateau;Pankshin;WOKKOS;1492.293665;4473;289;282;68.5;67;78;152;105;none;none;grid;5630
39145;9.15209960194094;8.93106229538131;Nigeria;Plateau;'Qua''an Pan';BWALL;1078.393346;4478;261;203;71.7;52;54;144;73;none;mini-grid;intercon;11560
39151;9.26211512132645;9.06395001376309;Nigeria;Plateau;'Qua''an Pan';DOKAN KASUWA;1233.25401;4484;274;233;68.7;57;64;136;84;none;grid;grid;8640
39158;9.26493692719292;8.99159043875419;Nigeria;Plateau;'Qua''an Pan';KWA;1303.64522;4491;274;246;67.7;58;68;136;86;none;grid;grid;5200
39164;9.37630267532879;8.80772313779605;Nigeria;Plateau;Shendam;KWALLA MOEDA;3972.879928;4497;253;750;73.8;202;236;600;300;mini-grid;mini-grid;intercon;13050
39167;9.28919470011542;8.9679812699168;Nigeria;Plateau;'Qua''an Pan';KWALLA YITLA\AR;2258.150037;4500;274;426;78.1;117;194;464;169;none;grid;grid;4840
39175;9.29211702810176;9.01726344563972;Nigeria;Plateau;'Qua''an Pan';KWANG;2711.469433;4508;274;512;70.7;123;138;328;195;mini-grid;intercon;intercon;10270
39179;9.01273391557255;8.61290505306391;Nigeria;Plateau;'Qua''an Pan';NAMU;1928.719171;4512;253;364;88.5;104;158;472;136;mini-grid;mini-grid;intercon;51610
39192;9.1668250639281;8.71147227595315;Nigeria;Plateau;'Qua''an Pan';NAMU;1224.807065;4525;253;231;70.2;63;96;200;92;mini-grid;mini-grid;intercon;36060
39203;8.61205243671348;9.65134498429523;Nigeria;Plateau;Riyom;DANTO;1492.293665;4536;225;282;68.8;79;110;208;104;none;grid;grid;1690
39207;8.63170059639528;9.62364809139237;Nigeria;Plateau;Riyom;DANTO;1616.182196;4540;236;305;70;71;84;176;104;none;grid;grid;1360
39208;8.80365355680098;9.55432806485511;Nigeria;Plateau;Riyom;JOL/KWI;1182.572338;4541;219;223;69.8;53;68;128;82;none;none;grid;9680
39220;8.73689819302284;9.56705479927082;Nigeria;Plateau;Riyom;RIM;993.9238941;4553;219;188;76.4;53;52;136;70;none;none;grid;8210
39222;8.75339329355501;9.57615458838801;Nigeria;Plateau;Riyom;RIM;1483.84672;4555;219;280;75.5;76;114;264;106;none;mini-grid;intercon;5990
39223;8.76675991730432;9.62235944334692;Nigeria;Plateau;Riyom;RIYOM;1838.618421;4556;222;347;72.2;84;92;240;126;none;grid;grid;1780
39224;8.80841314391352;9.61991184199912;Nigeria;Plateau;Riyom;RIYOM;1416.271157;4557;226;267;70.1;72;72;152;93;none;none;grid;7920
39228;8.65153859457482;9.55590764643598;Nigeria;Plateau;Riyom;SOPP;2063.870295;4561;180;389;69.7;108;142;272;151;none;mini-grid;intercon;8390
39233;8.61370581071799;9.51237817721675;Nigeria;Plateau;Riyom;SOPP;1129.075018;4566;180;213;68;57;56;128;83;none;none;grid;15460
39241;9.47595047108618;8.65612816592014;Nigeria;Plateau;Shendam;KALONG;2275.043927;4574;288;429;71.3;113;116;264;150;none;mini-grid;intercon;34580
39248;9.64731181076933;8.39560843381535;Nigeria;Plateau;Shendam;MOEKAT;2106.105022;4581;292;397;63.8;100;92;200;143;none;none;grid;44440
39250;9.46375181511617;8.9112209761293;Nigeria;Plateau;Shendam;PANGSHOM;2649.525168;4583;283;500;68.1;123;130;280;177;none;mini-grid;intercon;9100
39251;9.40225305817012;8.75619021368849;Nigeria;Plateau;Shendam;POESHIP;3606.845632;4584;253;681;65.7;157;176;344;247;none;mini-grid;intercon;20300
39270;10.111784372818;9.03537411891273;Nigeria;Plateau;Wase;MAVO;1216.360119;4603;210;230;67.2;52;58;128;82;none;grid;grid;25310
39271;9.99180463818227;9.08281246558259;Nigeria;Plateau;Wase;MAVO;1711.914242;4604;210;323;67.9;79;86;176;121;none;grid;grid;10250
39275;9.97761114397067;9.20439517082047;Nigeria;Plateau;Wase;SALUWE;1168.494096;4608;215;220;69.9;59;94;184;84;none;mini-grid;intercon;9010
39286;9.9292588205845;9.15864945082651;Nigeria;Plateau;Langtang North;WASE TOFA;1188.203635;4619;215;224;66.4;53;56;120;77;none;none;grid;3980
39296;9.98647570311713;9.04740751406621;Nigeria;Plateau;Wase;MAVO;2396.116809;4629;210;452;79.7;120;168;432;170;none;grid;grid;13090
39302;9.87447610735538;9.16654433625128;Nigeria;Plateau;Langtang North;KELLER;1182.572338;4635;205;223;72.8;57;62;152;78;none;grid;grid;3850
39306;9.7510124046507;9.53917245998796;Nigeria;Plateau;Kanam;"LUSA  \""A\""";2624.184332;4639;311;495;69.9;119;136;280;175;none;mini-grid;intercon;23520
39310;9.62301964811569;8.6103135158627;Nigeria;Plateau;Shendam;KURUNGBAU (B);1351.511244;4643;292;255;71.5;60;68;160;89;none;none;grid;21210
39313;9.42758772870675;8.76466755596841;Nigeria;Plateau;Shendam;POESHIP;1407.824212;4646;288;266;68.9;62;70;144;95;none;none;grid;11600
39314;9.39636826395318;9.09452856206727;Nigeria;Plateau;Pankshin;KOENOEM \A\;2365.144677;4647;283;446;70;112;150;312;164;none;mini-grid;intercon;5000
39316;9.53631236211109;8.81640669741556;Nigeria;Plateau;Shendam;SHIMANKAR;1616.182196;4649;288;305;70.8;82;118;240;120;none;mini-grid;intercon;6850
39319;9.47368035446711;8.80090805636126;Nigeria;Plateau;Shendam;POESHIP;1506.371907;4652;253;284;70;69;76;160;98;none;none;grid;7090
39320;9.53960780935937;8.79049164513286;Nigeria;Plateau;Shendam;KALONG;3637.817765;4653;288;686;71.6;170;222;464;249;mini-grid;mini-grid;intercon;9630
39322;9.47860479210106;8.96513879909944;Nigeria;Plateau;Mikang;PANGSHOM;2041.345108;4655;283;385;73.3;92;98;272;133;none;none;grid;16160
39323;9.48553139853151;8.78002508597939;Nigeria;Plateau;Shendam;POESHIP;1745.702023;4656;288;329;66.9;82;84;184;116;none;none;grid;12880
39324;9.61090534815231;8.3968536457148;Nigeria;Plateau;Shendam;MOEKAT;1723.176836;4657;292;325;68.1;74;86;176;123;none;none;grid;47330
39326;9.36335332890103;8.88096523604876;Nigeria;Plateau;Shendam;KWANG;1624.629141;4659;285;307;71.3;86;120;240;121;none;grid;grid;1820
39331;9.60138026818115;8.71049865593197;Nigeria;Plateau;Shendam;SHIMANKAR;2325.725599;4664;288;439;88.2;106;132;560;160;none;none;grid;14400
39332;9.45557534556882;8.74396920799584;Nigeria;Plateau;Shendam;POESHIP;1689.389055;4665;288;319;82.2;82;92;288;115;none;none;grid;13770
39334;9.56291735002021;8.95995677127964;Nigeria;Plateau;Mikang;BALTEP;2604.474793;4667;299;491;70.8;117;134;288;171;none;none;grid;10470
39336;9.65406485802179;8.4225394157329;Nigeria;Plateau;Shendam;MOEKAT;2370.775974;4669;292;447;65.7;111;118;216;159;none;none;grid;40910
39342;9.18911567149807;8.8106917799904;Nigeria;Plateau;'Qua''an Pan';NAMU;2114.551967;4675;253;399;79.4;102;148;400;156;none;mini-grid;intercon;23510
39347;9.06133749184935;8.89015860356658;Nigeria;Plateau;'Qua''an Pan';DOEMAK-GOECHIM;1937.166116;4680;253;366;70.8;85;100;216;126;none;none;grid;30070
39354;9.13985720345481;8.9078459254114;Nigeria;Plateau;'Qua''an Pan';BWALL;1438.796345;4687;261;271;69.8;66;76;152;96;none;none;grid;15360
39355;9.28571504912479;8.87382521177148;Nigeria;Plateau;'Qua''an Pan';KWALLA MOEDA;1999.110381;4688;279;377;68.2;89;104;200;137;none;grid;grid;8410
39358;9.08846477973243;8.73770552594861;Nigeria;Plateau;'Qua''an Pan';NAMU;1238.885307;4691;253;234;70.1;59;62;136;88;none;none;grid;33070
39363;9.34624014706583;9.45304285666261;Nigeria;Plateau;Pankshin;FIER;1351.511244;4696;282;255;72.5;61;72;168;89;none;none;grid;10480
39364;9.30937070798672;9.28126750543686;Nigeria;Plateau;Pankshin;LANKANG;1745.702023;4697;276;329;69.4;79;90;184;113;none;mini-grid;intercon;14220
39369;9.31315085905288;9.20546839627394;Nigeria;Plateau;Pankshin;LANKANG;1464.137181;4702;281;276;67.9;68;70;152;99;none;none;grid;15290
39382;9.50575934847035;8.95204216609888;Nigeria;Plateau;Mikang;PANGSHOM;1824.540179;4715;294;344;68.5;81;90;192;129;none;none;grid;9570
39384;9.46723759033029;8.71059179899143;Nigeria;Plateau;Shendam;KALONG;1098.102885;4717;288;207;68.5;50;56;112;73;none;none;grid;23780
39386;9.43040549624917;8.55527580366724;Nigeria;Plateau;Shendam;KWANDE;1920.272226;4719;253;362;74.1;100;92;264;128;none;none;grid;48870
39389;9.96837615673931;8.78112853171854;Nigeria;Plateau;Wase;KUMBUR;2466.50802;4722;189;465;72.7;113;124;304;165;none;none;grid;21630
39394;9.83468962240571;9.42869743625209;Nigeria;Plateau;Kanam;GWAMLAR;1830.171476;4727;201;345;73.1;83;100;216;134;none;none;grid;11060
39397;9.36285138020441;8.76808226705596;Nigeria;Plateau;Shendam;POESHIP;2030.082514;4730;253;383;71;91;100;240;136;none;none;grid;17970
39400;9.59803129998813;8.45759178107777;Nigeria;Plateau;Shendam;AZARA;2993.034276;4733;292;565;70.8;147;188;392;210;mini-grid;mini-grid;intercon;37260
39401;9.57256876826825;8.44388501574707;Nigeria;Plateau;Shendam;AZARA;2100.473725;4734;292;396;71.4;98;104;248;143;none;none;grid;40820
39420;9.25603578922564;9.4337990464326;Nigeria;Plateau;Mangu;PUSHIT;1286.75133;4753;277;243;71.6;59;64;152;80;none;none;grid;5210
39434;9.244344249261;9.58500979653791;Nigeria;Plateau;Mangu;GINDIRI  11;1306.460869;4767;275;247;77.5;61;68;192;91;none;grid;grid;1610
39435;9.20237081938794;9.54419078650933;Nigeria;Plateau;Mangu;GINDIRI  1;1374.036431;4768;268;259;71.3;64;74;152;94;none;grid;grid;2340
39439;9.95559274861303;8.93555403364904;Nigeria;Plateau;Wase;KUMBUR;1300.829572;4772;210;245;75;59;66;176;88;none;grid;grid;15860
39440;9.72100554781943;8.94503152609572;Nigeria;Plateau;Mikang;DERTENG;1892.115741;4773;182;357;67.7;86;94;192;132;none;none;grid;10050
39441;9.69244420790584;9.23190837629486;Nigeria;Plateau;Pankshin;DOK-PAI;1005.186487;4774;309;190;69.4;58;84;160;73;none;grid;grid;9700
39443;9.84776258743616;9.13319801622778;Nigeria;Plateau;Langtang North;KELLER;1731.623781;4776;206;327;71.8;81;86;208;116;none;grid;grid;1040
39446;9.84688011743881;9.05146225617094;Nigeria;Plateau;Langtang North;MBAN/ZAMKO;1548.606633;4779;200;292;66.7;80;100;216;118;none;grid;grid;3020
39447;9.95821594902158;8.54546964750653;Nigeria;Plateau;Langtang South;FAJUL;1973.769546;4780;189;372;68.5;86;94;216;129;none;none;grid;36110
39454;9.86305656504363;8.88914357082356;Nigeria;Plateau;Langtang North;NYER;2700.206839;4787;197;509;66.7;121;128;272;173;none;mini-grid;intercon;5920
39458;9.5910385482124;8.41957907573038;Nigeria;Plateau;Shendam;AZARA;1939.981765;4791;292;366;70.2;85;94;224;125;none;none;grid;44380
39459;9.26480875919911;9.59326569654374;Nigeria;Plateau;Mangu;CHANSO;1221.991416;4792;275;231;69.1;62;62;128;90;none;grid;grid;4260
39463;9.13729178958474;8.66897749590104;Nigeria;Plateau;'Qua''an Pan';NAMU;1148.784557;4796;253;217;70.4;54;58;128;74;none;none;grid;41140
39465;9.10689258071722;8.87782142545174;Nigeria;Plateau;'Qua''an Pan';BWALL;1548.606633;4798;253;292;69.7;75;78;168;106;none;none;grid;22730
39467;9.72467601147331;8.81221801648098;Nigeria;Plateau;Shendam;KURUNGBAU (A);4673.976386;4800;307;882;69.2;241;242;480;325;mini-grid;intercon;intercon;5650
39471;9.71808478995161;9.43298779916288;Nigeria;Plateau;Kanke;AMPER SERI;1872.406202;4804;311;353;70.9;86;94;216;123;none;mini-grid;intercon;9700
39472;9.66116130152068;9.47592795541619;Nigeria;Plateau;Kanke;KABWIR/GYANGYANG;1407.824212;4805;301;266;68.1;62;70;144;94;none;none;grid;8810
39483;10.0508370465374;9.36210521666853;Nigeria;Plateau;Kanam;DENGI;1647.154328;4816;218;311;68.5;73;86;168;110;none;none;grid;10310
39505;9.54077504836443;8.71349438593362;Nigeria;Plateau;Shendam;KALONG;2072.317241;4838;288;391;71.2;99;106;232;140;none;none;grid;20120
39510;9.76210355528179;8.76013219953314;Nigeria;Plateau;Langtang South;SABON GIDA;1993.479085;4843;186;376;70.1;93;98;224;134;none;grid;grid;2660
39515;9.56228361829936;8.49605812578311;Nigeria;Plateau;Shendam;SHIMANKAR;1970.953897;4848;292;372;69.5;98;96;216;132;none;none;grid;38560
39517;9.83335919747974;9.31537531635438;Nigeria;Plateau;Kanam;GUMSHER;1464.137181;4850;191;276;72.6;74;116;240;112;none;mini-grid;intercon;5020
39520;9.72789163779857;8.75834746596622;Nigeria;Plateau;Shendam;SABON GIDA;1740.070726;4853;183;328;69.4;76;84;192;114;none;grid;grid;3060
39522;9.73659574762735;9.09027457856922;Nigeria;Plateau;Langtang North;LALIN;1275.488736;4855;305;241;65.8;83;116;216;107;none;mini-grid;intercon;7270
39523;9.39925787879244;8.88752733605348;Nigeria;Plateau;Shendam;PANGSHOM;1838.618421;4856;287;347;67.7;84;92;184;120;none;grid;grid;1940
39527;9.44082080866672;8.74377366595399;Nigeria;Plateau;Shendam;POESHIP;1126.25937;4860;288;213;69.8;51;56;120;79;none;none;grid;14210
39537;10.0962209668386;9.16431964069016;Nigeria;Plateau;Wase;MAVO;1210.728822;4870;210;228;68.9;52;60;128;82;none;grid;grid;17250
39548;9.64718527804259;8.45576126575584;Nigeria;Plateau;Shendam;KURUNGBAU (B);1069.946401;4881;292;202;77.6;52;60;144;70;none;none;grid;35010
39554;8.9647188950012;9.4008782308231;Nigeria;Plateau;Bokkos;BUTURA;1196.65058;4887;251;226;61.6;90;106;200;106;none;grid;grid;860
39565;9.34920841365368;8.69709672598297;Nigeria;Plateau;Shendam;KWANDE;1492.293665;4898;253;282;70.5;67;76;168;103;none;none;grid;31990
39568;9.34945576416422;9.21843982214851;Nigeria;Plateau;Pankshin;CHIP;1157.231502;4901;281;218;73.9;54;68;144;79;none;mini-grid;intercon;13960
39572;9.60421520817258;8.74096250595312;Nigeria;Plateau;Shendam;KALONG;2063.870295;4905;288;389;67.7;95;94;224;143;none;none;grid;11130
39584;9.23460394929043;9.02161353614589;Nigeria;Plateau;'Qua''an Pan';KWA;1154.415854;4917;274;218;82.4;54;68;200;79;none;grid;grid;10470
39599;9.54713185834518;8.4343661157403;Nigeria;Plateau;Shendam;AZARA;1633.076086;4932;292;308;70;75;84;176;111;none;none;grid;55970
39608;9.04689505985816;8.60625525585749;Nigeria;Plateau;'Qua''an Pan';NAMU;1126.25937;4941;253;213;66.4;53;50;112;74;none;none;grid;47180
39611;9.83959793790574;8.8280403674201;Nigeria;Plateau;Langtang North;LASHEL;5642.559444;4944;189;1065;66.7;259;266;560;399;none;mini-grid;intercon;13880
39614;9.73758280054179;8.79392803314401;Nigeria;Plateau;Shendam;TALGWANG;2046.976405;4947;307;386;73.2;97;102;264;129;none;grid;grid;6670
39618;9.78609912968427;9.18109459055083;Nigeria;Plateau;Langtang North;PAJAT;2272.228279;4951;190;429;72.8;103;124;264;146;none;grid;grid;2050
39629;9.71021890425462;8.81472588185966;Nigeria;Plateau;Shendam;YELWA;1807.646289;4962;307;341;71.1;85;96;200;128;none;grid;grid;4260
39633;8.67695525097699;9.93235022678065;Nigeria;Plateau;Bassa;KAKKEK;1247.332252;4966;247;235;72.3;54;62;152;83;none;grid;grid;9420
39634;8.72279859083835;9.95265004679463;Nigeria;Plateau;Bassa;KAKKEK;1641.523031;4967;247;310;65.1;98;100;224;120;none;grid;grid;2380
39637;8.69881689639578;10.0881797144167;Nigeria;Plateau;Bassa;MAFARA;1796.383695;4970;247;339;67.9;82;92;176;118;none;grid;grid;18450
39638;8.72034430588421;10.0387573310736;Nigeria;Plateau;Bassa;MAFARA;2514.374043;4971;247;474;67.8;113;130;248;163;none;grid;grid;12600
39642;8.67715597097638;9.86375904673272;Nigeria;Plateau;Bassa;ZOBWO;1869.590554;4975;258;353;64.1;148;158;344;172;none;grid;grid;1500
39645;10.102331038956;8.9371901811512;Nigeria;Plateau;Wase;KADARKO;1407.824212;4978;189;266;68;67;68;144;90;none;none;grid;35580
39648;8.89060197033087;9.47188759645877;Nigeria;Plateau;Barikin Ladi;BARAKIN LADI;2534.083582;4981;238;478;72.3;114;126;312;177;none;grid;grid;1240
39652;8.8413539394097;9.4518093558145;Nigeria;Plateau;Barikin Ladi;GINDIN AKWATI;6076.169301;4985;232;1146;68.7;299;304;624;411;none;grid;grid;4110
39654;8.77699062067448;9.37019706638822;Nigeria;Plateau;Barikin Ladi;MANGUNA;1520.450149;4987;192;287;68.2;70;74;152;105;none;none;grid;9010
39657;9.01183158996422;9.48636166646877;Nigeria;Plateau;Barikin Ladi;MANGU HALLE;1537.34404;4990;252;290;69.2;71;76;160;100;none;grid;grid;4640
39659;9.1398958341708;9.14030364743017;Nigeria;Plateau;Mangu;JIPAL/CHAKFEM;1247.332252;4992;265;235;73.4;56;68;144;88;none;none;grid;6680
39664;8.86783782870976;9.10065926599176;Nigeria;Plateau;Bokkos;RICHA;1920.272226;4997;227;362;67.3;84;96;184;128;none;mini-grid;intercon;35380
39665;8.883262188683;9.25002727009885;Nigeria;Plateau;Bokkos;MBAR/MANGAR;1114.996776;4998;230;210;66.4;64;76;160;87;none;mini-grid;intercon;13450
39668;8.86953717039787;9.18676771119828;Nigeria;Plateau;Bokkos;DAFFO;1188.203635;5001;230;224;75.4;53;66;152;78;none;none;grid;22030
39669;9.01018273071575;9.22512211170498;Nigeria;Plateau;Bokkos;TANGUR;2415.826348;5002;227;456;44.4;107;76;80;162;none;mini-grid;intercon;8030
39680;9.89542723729204;9.25427761631257;Nigeria;Plateau;Kanam;NAMARAN;1492.293665;5013;212;282;69.1;68;72;168;99;none;none;grid;8450
39681;9.59565817333739;8.76453667594971;Nigeria;Plateau;Shendam;KALONG;1379.667728;5014;288;260;72.4;64;72;168;96;none;none;grid;11960
39685;8.84149917047938;9.53265964650119;Nigeria;Plateau;Barikin Ladi;JOL/KWI;2111.736319;5018;233;398;65.7;93;102;200;134;none;none;grid;6370
39692;8.90666736555288;9.4303324755809;Nigeria;Plateau;Barikin Ladi;BUTURA;1618.997844;5025;242;305;69.7;75;82;176;109;none;grid;grid;2590
39695;8.80002061092642;9.38260709649165;Nigeria;Plateau;Barikin Ladi;MANGUNA;4930.200392;5028;192;930;68;228;238;536;321;none;mini-grid;intercon;9480
39701;8.94261678017355;9.54334394650849;Nigeria;Plateau;Barikin Ladi;LOBIRING;2004.741678;5034;250;378;68.1;91;94;240;132;none;grid;grid;2880
39704;9.11417798965468;9.59553756654493;Nigeria;Plateau;Barikin Ladi;TAFAN;1931.534819;5037;254;364;72.7;87;94;256;123;none;grid;grid;10230
39709;8.71241033164216;10.0753158399721;Nigeria;Plateau;Bassa;MAFARA;1503.556259;5042;247;284;69.3;69;72;168;102;none;grid;grid;16490
39711;8.93803588245713;9.63693106249769;Nigeria;Plateau;Barikin Ladi;ZABOT;5915.677341;5044;246;1116;70.4;270;320;736;396;mini-grid;intercon;intercon;5220
39717;8.74430139077335;9.3547961463776;Nigeria;Plateau;Barikin Ladi;MANGUNA;1252.963549;5050;192;236;68.6;62;70;128;86;none;none;grid;6230
39718;9.08563399974101;9.64439195657895;Nigeria;Plateau;Barikin Ladi;TAFAN;1407.824212;5051;254;266;68.1;65;72;144;98;none;grid;grid;17230
39724;9.9181040107035;9.20874965554622;Nigeria;Plateau;Langtang North;NAMARAN;1548.606633;5057;212;292;68.5;69;76;168;101;none;none;grid;9040
39727;8.99201098054298;9.47102367553647;Nigeria;Plateau;Barikin Ladi;MARIT/MAZAT;4079.874568;5060;252;770;68;194;228;488;283;mini-grid;intercon;intercon;6630
39730;9.09078023972544;9.62767614656731;Nigeria;Plateau;Barikin Ladi;TAFAN;2429.904591;5063;254;458;69.4;118;122;264;161;none;grid;grid;15010
39732;9.00182952999447;9.744893896649;Nigeria;Plateau;Jos East;FURSUM;1585.210063;5065;244;299;71.8;73;90;184;107;none;none;grid;8500
39733;8.72091431093719;9.88796212191085;Nigeria;Plateau;Bassa;TA\AGBE;1098.102885;5066;291;207;67.9;53;56;104;73;none;none;grid;6170
39737;8.72807760250735;10.2400891507177;Nigeria;Plateau;Bassa;LAZURU;2795.938886;5070;203;528;66.5;125;134;280;189;none;mini-grid;intercon;5370
39738;8.85862851042758;9.41428260641871;Nigeria;Plateau;Barikin Ladi;BUTURA;2514.374043;5071;232;474;69.5;113;126;288;174;none;grid;grid;9250
39739;9.03218445990266;9.59443048654408;Nigeria;Plateau;Barikin Ladi;TAFAN;1351.511244;5072;254;255;70.1;63;66;152;91;none;grid;grid;9730
39742;9.05522526983298;9.59464336654424;Nigeria;Plateau;Barikin Ladi;TAFAN;1790.752398;5075;254;338;71;85;88;200;124;none;grid;grid;10360
39750;8.719605010848;9.98943685682036;Nigeria;Plateau;Bassa;BUHIT;1255.779197;5083;247;237;68;58;60;136;82;none;grid;grid;7990
39755;9.48256373259507;8.92277598988884;Nigeria;Plateau;Shendam;SHENDAM CENTRAL (A);1970.953897;5088;283;372;72.6;87;100;240;131;none;none;grid;7620
39758;9.54656123949686;8.94115985049011;Nigeria;Plateau;Mikang;SHENDAM CENTRAL (A);2320.094302;5091;299;438;58.7;103;88;208;153;none;none;grid;8230
39765;9.97840225400664;8.67506325836017;Nigeria;Plateau;Wase;FAJUL;1024.896026;5098;189;193;71.3;60;86;176;76;none;mini-grid;intercon;29820
39768;8.99394758001831;9.50633989648268;Nigeria;Plateau;Barikin Ladi;MARIT/MAZAT;1692.204703;5101;252;319;91.8;76;100;416;111;none;grid;grid;890
39771;8.95978217091551;9.53733616653456;Nigeria;Plateau;Barikin Ladi;LOBIRING;1112.181128;5104;250;210;75.1;51;58;152;75;none;grid;grid;2080
39773;9.01159184996494;9.72917439663804;Nigeria;Plateau;Jos East;ZABOT;2483.401911;5106;244;469;67;117;120;248;171;none;mini-grid;intercon;9710
39778;9.44530139802767;9.45122489141604;Nigeria;Plateau;Pankshin;KADUNG;1618.997844;5111;290;305;71.3;79;84;208;111;none;grid;grid;14500
39786;8.90037792030131;9.43951794643621;Nigeria;Plateau;Barikin Ladi;MARIT/MAZAT;1633.076086;5119;242;308;69.2;77;76;176;105;none;grid;grid;3070
39787;9.04483068986441;9.60939709655452;Nigeria;Plateau;Barikin Ladi;TAFAN;2945.168252;5120;254;556;69.7;141;156;312;199;none;grid;grid;11920
39798;9.34561407917282;8.65100863599402;Nigeria;Plateau;Shendam;KWANDE;1942.797413;5131;253;367;73.5;89;104;232;125;none;none;grid;37520
39799;9.06111785981515;9.6249901865654;Nigeria;Plateau;Barikin Ladi;TAFAN;2477.770614;5132;254;468;66.3;114;126;232;171;none;grid;grid;13970
39800;9.0870103735541;9.29920750128535;Nigeria;Plateau;Bokkos;TANGUR;1610.550899;5133;259;304;70.1;73;80;184;107;none;grid;grid;12540
39801;10.3984320257707;9.44319986645194;Nigeria;Plateau;Kanam;GARGA;1283.935681;5134;218;242;69.3;63;66;136;84;none;none;grid;56840
39811;9.00104956999683;9.6433901665782;Nigeria;Plateau;Barikin Ladi;TAFAN;1782.305453;5144;248;336;68.5;78;84;208;125;none;grid;grid;10800
39814;9.11223149966056;9.66550162659371;Nigeria;Plateau;Barikin Ladi;KADUNU;1999.110381;5147;254;377;68.6;95;94;232;135;none;grid;grid;20220
39821;8.94976860015192;9.46521354645405;Nigeria;Plateau;Barikin Ladi;MARIT/MAZAT;1407.824212;5154;249;266;68.1;65;68;152;97;none;grid;grid;3490
39851;8.63356520110824;9.54176150650828;Nigeria;Plateau;Riyom;SHARUBUTU;934.7952772;5184;180;176;69.7;53;70;136;71;none;none;grid;11020
39861;9.83890192746286;8.68079603591352;Nigeria;Plateau;Langtang South;GAMAKAI;1013.633433;5194;188;191;68.3;51;50;104;70;none;none;grid;7330
39863;9.54253006835922;9.50133980648121;Nigeria;Plateau;Kanke;TAPSHIN;1247.332252;5196;298;235;69.5;54;62;136;87;none;grid;grid;1490
39899;9.87468429735472;9.03706401616124;Nigeria;Plateau;Langtang North;MBAN/ZAMKO;1267.041791;5232;209;239;69.4;58;64;136;84;none;none;grid;4960
39901;9.83048490748839;9.09715062620252;Nigeria;Plateau;Langtang North;LIPCHOK;985.4769488;5234;198;186;65;55;60;128;81;none;grid;grid;2600
39903;9.02592800231015;9.81829506729105;Nigeria;Plateau;Jos East;FURSUM;1444.427642;5236;257;273;64.2;89;90;184;111;none;none;grid;6290
39908;9.7941155476171;8.71323520594968;Nigeria;Plateau;Langtang South;MABUDI;1126.25937;5241;188;213;66.6;51;54;112;71;none;none;grid;1490
39918;9.9309898271845;9.2218087262904;Nigeria;Plateau;Kanam;NAMARAN;1407.824212;5251;212;266;67.7;64;66;152;99;none;none;grid;11840
39931;9.07411497977584;9.68899601661005;Nigeria;Plateau;Barikin Ladi;FURSUM;1050.236862;5264;244;198;64.5;63;66;136;78;none;none;grid;20470
39933;9.61188745814934;8.45440707575463;Nigeria;Plateau;Shendam;AZARA;1140.337612;5266;292;215;75.6;51;60;152;72;none;none;grid;36910
39953;9.59054733821396;9.10085261620286;Nigeria;Plateau;Pankshin;TUNKUS;1143.15326;5286;299;216;68;56;56;128;79;none;mini-grid;intercon;28030
39967;9.83786225746618;9.57718990653688;Nigeria;Plateau;Kanam;GAGDIB;1337.433002;5300;311;252;69.3;64;66;144;86;none;none;grid;30340
39979;9.51788617843365;8.68920349591662;Nigeria;Plateau;Shendam;KALONG;1464.137181;5312;288;276;68.2;66;72;152;103;none;none;grid;22000
39985;9.13142612960248;8.59779132585172;Nigeria;Plateau;'Qua''an Pan';NAMU;915.0857382;5318;253;173;74.4;63;116;248;78;mini-grid;mini-grid;intercon;47330
39997;9.18323282944579;8.73340067594578;Nigeria;Plateau;'Qua''an Pan';NAMU;1210.728822;5330;253;228;64.8;56;56;112;78;none;none;grid;33100
47383;9.95857607010174;9.0928419443115;Nigeria;Plateau;Wase;KUMBUR;25005;5335;210;4718;67.5;1428;1644;3640;2049;mini-grid;intercon;intercon;7020
